stock_code,entry_date,month,trend,style,buy_price,exit_price,support,exit_reason_daily,original_pnl,optimized_entry,optimized_pnl,is_optimized,opt_reason,pattern_type,touch_count,skip_entry,skip_reason,early_warning_entry_day,warning_reason_entry,early_exit_triggered,early_exit_price,early_exit_pnl,early_exit_reason,has_60m_data
bj920152,2025-02-22,2025-02,RANGE,deep_pullback,20.5,20.4,19.6343,dynamic_stop,-0.00487804878048792,20.389999389648438,0.0004904664370239953,True,engulf反转，入场价 20.39 < 20.50 (改善0.54%),engulf,3,False,,False,,False,,,,True
bj920171,2025-02-23,2025-02,UP,deep_pullback,27.51,32.0,25.994000000000003,initial_tp,0.16321337695383487,27.51,0.16321337695383487,False,60分钟数据为空,,0,False,,False,,False,,,,False
bj920249,2025-02-28,2025-02,UP,deep_pullback,14.96,17.48,15.086,initial_stop,0.16844919786096257,14.96,0.16844919786096257,False,"当日未触及支撑区 (support=15.09, tol=1.5%, day_low=13.08)",,0,False,,True,60m收盘跌破支撑0.5%且未收回 (support=15.09),False,,,,True
bj920906,2025-02-23,2025-02,UP,deep_pullback,25.67753272304481,26.2926822705057,24.37282037641405,dynamic_stop,0.02395672333848542,25.67753272304481,0.02395672333848542,False,60分钟数据为空,,0,False,,False,,False,,,,False
bj920876,2025-02-24,2025-02,UP,deep_pullback,27.926509186351705,36.44409448818897,29.22628871391076,initial_tp,0.30499999999999994,27.926509186351705,0.30499999999999994,False,"当日未触及支撑区 (support=29.23, tol=1.5%, day_low=27.08)",,0,False,,True,60m收盘跌破支撑0.5%且未收回 (support=29.23),False,,,,True
bj920152,2025-02-25,2025-02,UP,deep_pullback,18.92,24.48,19.6343,initial_tp,0.2938689217758985,18.92,0.2938689217758985,False,触及支撑后K线不足,,1,False,,False,,False,,,,True
bj920407,2025-03-01,2025-03,UP,deep_pullback,21.39557843731072,21.219388568331787,18.64982530523765,initial_stop,-0.008234872896527357,,0.0,False,开盘高开44.7% (>3%)，远离支撑，放弃当日入场,,0,True,开盘高开44.7% (>3%)，远离支撑，放弃当日入场,False,,False,,,,True
bj920924,2025-02-25,2025-02,UP,deep_pullback,33.90312691539525,34.77064810411271,34.42912395797969,dynamic_stop,0.025588235294117467,33.90312691539525,0.025588235294117467,False,"当日未触及支撑区 (support=34.43, tol=1.5%, day_low=33.57)",,0,False,,False,,False,,,,True
bj920184,2025-03-01,2025-03,UP,deep_pullback,15.11785095320624,15.891091854419413,14.079923743500864,initial_stop,0.05114754098360663,,0.0,False,开盘高开4.8% (>3%)，远离支撑，放弃当日入场,,0,True,开盘高开4.8% (>3%)，远离支撑，放弃当日入场,False,,False,,,,True
bj920415,2025-02-25,2025-02,UP,deep_pullback,19.90620988812899,20.71200848929763,20.59760498419344,dynamic_stop,0.040479760119940034,19.90620988812899,0.040479760119940034,False,触及支撑后未出现有效反转形态,,2,False,,False,,False,,,,True
bj920895,2025-02-26,2025-02,RANGE,deep_pullback,15.68,17.55,16.0561,initial_stop,0.11926020408163263,15.68,0.11926020408163263,False,"当日未触及支撑区 (support=16.06, tol=1.5%, day_low=15.51)",,0,False,,True,60m收盘跌破支撑0.5%且未收回 (support=16.06),False,,,,True
bj920146,2025-03-01,2025-03,UP,deep_pullback,9.5,10.5,8.6815,initial_tp,0.10526315789473695,,0.0,False,开盘高开3.7% (>3%)，远离支撑，放弃当日入场,,0,True,开盘高开3.7% (>3%)，远离支撑，放弃当日入场,False,,False,,,,True
bj920273,2025-03-02,2025-03,UP,deep_pullback,20.760937890341808,19.217193592393755,18.26782546225655,initial_stop,-0.07435811937312409,20.760937890341808,-0.07435811937312409,False,60分钟数据为空,,0,False,,False,,False,,,,False
bj920010,2025-02-27,2025-02,RANGE,deep_pullback,11.314991897583493,10.940344362696898,11.270547245753797,dynamic_stop,-0.03311072056239006,11.314991897583493,-0.03311072056239006,False,反转pinbar出现但价格未优于原价 (opt=11.68 vs orig=11.31),pinbar,2,False,,False,,False,,,,True
bj920837,2025-02-27,2025-02,UP,deep_pullback,14.642887936259491,13.159411241830242,13.598697879918026,dynamic_stop,-0.10131039046988721,,0.0,False,开盘高开5.7% (>3%)，远离支撑，放弃当日入场,,0,True,开盘高开5.7% (>3%)，远离支撑，放弃当日入场,False,,False,,,,True
bj920706,2025-02-27,2025-02,UP,deep_pullback,18.342231601509653,23.592142180000724,18.20050958682989,initial_tp,0.28621983914209115,18.342231601509653,0.28621983914209115,False,触及支撑后未出现有效反转形态,,1,False,,False,,False,,,,True
bj920924,2025-02-27,2025-02,UP,shallow_pullback,35.199422944513294,31.988996255783693,34.42912395797969,dynamic_stop,-0.09120679886685545,35.199422944513294,-0.09120679886685545,False,触及支撑后未出现有效反转形态,,2,False,,False,,False,,,,True
bj920152,2025-03-07,2025-03,UP,shallow_pullback,24.0,22.0,19.731900000000003,initial_stop,-0.08333333333333337,,0.0,False,开盘高开13.5% (>3%)，远离支撑，放弃当日入场,,0,True,开盘高开13.5% (>3%)，远离支撑，放弃当日入场,False,,False,,,,True
bj920171,2025-03-01,2025-03,UP,shallow_pullback,33.12,31.8,26.106,initial_tp,-0.03985507246376807,,0.0,False,开盘高开26.9% (>3%)，远离支撑，放弃当日入场,,0,True,开盘高开26.9% (>3%)，远离支撑，放弃当日入场,False,,False,,,,True
bj920508,2025-02-28,2025-02,UP,shallow_pullback,31.90530391018196,33.80255516840882,32.30612930700735,dynamic_stop,0.05946507400675127,,0.0,False,开盘高开19.2% (>3%)，远离支撑，放弃当日入场,,0,True,开盘高开19.2% (>3%)，远离支撑，放弃当日入场,False,,False,,,,True
bj920026,2025-03-01,2025-03,RANGE,deep_pullback,19.44792672675255,22.230227000952933,17.905334929157906,initial_tp,0.1430641072075336,,0.0,False,开盘高开54.2% (>3%)，远离支撑，放弃当日入场,,0,True,开盘高开54.2% (>3%)，远离支撑，放弃当日入场,False,,False,,,,True
bj920092,2025-03-01,2025-03,UP,deep_pullback,57.27309218203035,51.54977829638273,49.37212228704784,initial_stop,-0.0999302406696897,,0.0,False,开盘高开16.1% (>3%)，远离支撑，放弃当日入场,,0,True,开盘高开16.1% (>3%)，远离支撑，放弃当日入场,False,,False,,,,True
bj920839,2025-03-01,2025-03,UP,deep_pullback,24.640184225676453,30.739122625215884,22.780343120322392,initial_tp,0.24751999999999974,,0.0,False,开盘高开9.7% (>3%)，远离支撑，放弃当日入场,,0,True,开盘高开9.7% (>3%)，远离支撑，放弃当日入场,False,,False,,,,True
bj920152,2025-03-07,2025-03,UP,shallow_pullback,22.04,22.0,19.731900000000003,initial_stop,-0.001814882032667886,,0.0,False,开盘高开13.5% (>3%)，远离支撑，放弃当日入场,,0,True,开盘高开13.5% (>3%)，远离支撑，放弃当日入场,False,,False,,,,True
bj920455,2025-03-01,2025-03,RANGE,deep_pullback,9.755678599867148,11.24317810915382,9.689996803353193,initial_tp,0.1524752475247524,9.755678599867148,0.1524752475247524,False,"当日未触及支撑区 (support=9.69, tol=1.5%, day_low=8.84)",,0,False,,False,,False,,,,True
bj920508,2025-03-01,2025-03,UP,shallow_pullback,32.725512969415405,33.5374370886566,32.288482384823844,initial_stop,0.024810126582278658,,0.0,False,开盘高开19.3% (>3%)，远离支撑，放弃当日入场,,0,True,开盘高开19.3% (>3%)，远离支撑，放弃当日入场,False,,False,,,,True
bj920299,2025-03-01,2025-03,UP,deep_pullback,13.653665534170305,17.641089130111787,13.21757812702249,initial_tp,0.2920405209840806,13.529999732971191,0.3038499244846473,True,pinbar反转，入场价 13.53 < 13.65 (改善0.91%),pinbar,3,False,,False,,False,,,,True
bj920152,2025-03-09,2025-03,UP,shallow_pullback,20.81,22.0,19.731900000000003,initial_stop,0.0571840461316675,20.81,0.0571840461316675,False,60分钟数据为空,,0,False,,False,,False,,,,False
bj920810,2025-03-05,2025-03,UP,deep_pullback,14.071428571428571,15.96,13.094142857142856,initial_tp,0.13421319796954312,,0.0,False,开盘高开48.9% (>3%)，远离支撑，放弃当日入场,,0,True,开盘高开48.9% (>3%)，远离支撑，放弃当日入场,False,,False,,,,True
bj920810,2025-03-05,2025-03,UP,deep_pullback,13.928571428571429,15.96,13.094142857142856,initial_tp,0.14584615384615396,,0.0,False,开盘高开48.9% (>3%)，远离支撑，放弃当日入场,,0,True,开盘高开48.9% (>3%)，远离支撑，放弃当日入场,False,,False,,,,True
bj920651,2025-03-07,2025-03,RANGE,deep_pullback,27.379898679792447,32.75352365433115,25.318777058165143,initial_tp,0.19626168224299056,,0.0,False,开盘高开3.7% (>3%)，远离支撑，放弃当日入场,,0,True,开盘高开3.7% (>3%)，远离支撑，放弃当日入场,False,,False,,,,True
bj920527,2025-03-12,2025-03,UP,deep_pullback,18.54746205241308,19.738404352620652,18.46614607404645,initial_stop,0.06421052631578905,18.54746205241308,0.06421052631578905,False,触及支撑后未出现有效反转形态,,2,False,,True,60m收盘跌破支撑0.5%且未收回 (support=18.47),False,,,,True
bj920455,2025-03-06,2025-03,UP,deep_pullback,11.204541758263256,11.374541702181736,11.41124623552777,initial_stop,0.015172413793103745,11.204541758263256,0.015172413793103745,False,反转pinbar出现但价格未优于原价 (opt=11.71 vs orig=11.20),pinbar,2,False,,False,,False,,,,True
bj920906,2025-03-11,2025-03,UP,deep_pullback,28.77312399413832,28.72351515966566,26.740153957449024,initial_stop,-0.0017241379310347638,,0.0,False,开盘高开10.3% (>3%)，远离支撑，放弃当日入场,,0,True,开盘高开10.3% (>3%)，远离支撑，放弃当日入场,False,,False,,,,True
bj920145,2025-03-06,2025-03,UP,shallow_pullback,16.1,18.936,14.6564,initial_tp,0.17614906832298116,,0.0,False,开盘高开9.8% (>3%)，远离支撑，放弃当日入场,,0,True,开盘高开9.8% (>3%)，远离支撑，放弃当日入场,False,,False,,,,True
bj920541,2025-03-07,2025-03,UP,deep_pullback,15.626952566172816,15.612932122748958,14.88026658966204,initial_stop,-0.000897196261682387,,0.0,False,开盘高开7.9% (>3%)，远离支撑，放弃当日入场,,0,True,开盘高开7.9% (>3%)，远离支撑，放弃当日入场,False,,False,,,,True
bj920152,2025-03-09,2025-03,UP,shallow_pullback,22.39,22.0,19.731900000000003,initial_stop,-0.017418490397498876,22.39,-0.017418490397498876,False,60分钟数据为空,,0,False,,False,,False,,,,False
bj920837,2025-03-08,2025-03,UP,deep_pullback,17.73427195456974,22.25796493183376,17.807244122776247,initial_tp,0.25508196721311505,17.73427195456974,0.25508196721311505,False,反转pinbar出现但价格未优于原价 (opt=19.20 vs orig=17.73),pinbar,1,False,,False,,False,,,,True
bj920810,2025-03-07,2025-03,UP,deep_pullback,13.692857142857145,14.45714285714286,13.665857142857142,initial_stop,0.055816379760041945,,0.0,False,开盘高开40.3% (>3%)，远离支撑，放弃当日入场,,0,True,开盘高开40.3% (>3%)，远离支撑，放弃当日入场,False,,False,,,,True
bj920001,2025-03-15,2025-03,UP,shallow_pullback,25.63877324739712,22.79442538423401,22.903937732275654,dynamic_stop,-0.11093931194433693,,0.0,False,开盘高开5.9% (>3%)，远离支撑，放弃当日入场,,0,True,开盘高开5.9% (>3%)，远离支撑，放弃当日入场,False,,False,,,,True
bj920089,2025-03-12,2025-03,UP,deep_pullback,13.142464849937747,11.927678959706643,12.068366350619034,dynamic_stop,-0.09243212016175628,,0.0,False,开盘高开50.0% (>3%)，远离支撑，放弃当日入场,,0,True,开盘高开50.0% (>3%)，远离支撑，放弃当日入场,False,,False,,,,True
bj920870,2025-03-11,2025-03,UP,deep_pullback,21.62887641608017,20.848656673217004,20.57706119310641,dynamic_stop,-0.036073059360730686,,0.0,False,开盘高开7.0% (>3%)，远离支撑，放弃当日入场,,0,True,开盘高开7.0% (>3%)，远离支撑，放弃当日入场,False,,False,,,,True
bj920374,2025-03-12,2025-03,UP,deep_pullback,42.90982244443047,38.76433100530295,37.47848127489954,dynamic_stop,-0.09660938225731552,,0.0,False,开盘高开7.7% (>3%)，远离支撑，放弃当日入场,,0,True,开盘高开7.7% (>3%)，远离支撑，放弃当日入场,False,,False,,,,True
sh601177,2025-03-12,2025-03,UP,shallow_pullback,21.927432652421547,21.050335346324687,17.504171135686022,initial_stop,-0.039999999999999925,,0.0,False,开盘高开20.5% (>3%)，远离支撑，放弃当日入场,,0,True,开盘高开20.5% (>3%)，远离支撑，放弃当日入场,False,,False,,,,True
bj920300,2025-03-11,2025-03,UP,deep_pullback,16.3,19.98,16.278,initial_tp,0.2257668711656442,16.280000686645508,0.22727267550975006,True,pinbar反转，入场价 16.28 < 16.30 (改善0.12%),pinbar,4,False,,False,,False,,,,True
bj920001,2025-03-14,2025-03,UP,deep_pullback,27.155098066435297,22.89472085592464,23.62493531779871,dynamic_stop,-0.15689051094890505,27.155098066435297,-0.15689051094890505,False,"当日未触及支撑区 (support=23.62, tol=1.5%, day_low=24.01)",,0,False,,False,,False,,,,True
bj920145,2025-03-12,2025-03,UP,shallow_pullback,16.79,21.0,16.0195,initial_tp,0.2507444907683145,,0.0,False,开盘高开4.8% (>3%)，远离支撑，放弃当日入场,,0,True,开盘高开4.8% (>3%)，远离支撑，放弃当日入场,False,,False,,,,True
bj920263,2025-03-14,2025-03,UP,deep_pullback,16.41,15.0,14.4238,dynamic_stop,-0.08592321755027421,16.41,-0.08592321755027421,False,触及支撑后未出现有效反转形态,,4,False,,False,,False,,,,True
bj920026,2025-03-20,2025-03,UP,shallow_pullback,25.70986329324404,19.933948799967297,19.398725796587257,dynamic_stop,-0.22465753424657542,,0.0,False,开盘高开58.8% (>3%)，远离支撑，放弃当日入场,,0,True,开盘高开58.8% (>3%)，远离支撑，放弃当日入场,False,,False,,,,True
bj920006,2025-03-20,2025-03,UP,deep_pullback,34.19634615159952,26.569464283968724,26.585914421330283,dynamic_stop,-0.22303206997084546,,0.0,False,开盘高开12.0% (>3%)，远离支撑，放弃当日入场,,0,True,开盘高开12.0% (>3%)，远离支撑，放弃当日入场,False,,False,,,,True
bj920455,2025-03-20,2025-03,UP,deep_pullback,12.759654881608418,9.304019657956466,9.62214171210164,initial_stop,-0.2708251324753974,,0.0,False,开盘高开16.9% (>3%)，远离支撑，放弃当日入场,,0,True,开盘高开16.9% (>3%)，远离支撑，放弃当日入场,False,,False,,,,True
bj920943,2025-03-20,2025-03,UP,shallow_pullback,23.285270467836256,21.50171783625731,19.591830226608188,initial_stop,-0.07659574468085095,,0.0,False,开盘高开9.6% (>3%)，远离支撑，放弃当日入场,,0,True,开盘高开9.6% (>3%)，远离支撑，放弃当日入场,False,,False,,,,True
bj920145,2025-03-13,2025-03,UP,shallow_pullback,17.5,20.472,15.9704,initial_tp,0.16982857142857144,,0.0,False,开盘高开9.6% (>3%)，远离支撑，放弃当日入场,,0,True,开盘高开9.6% (>3%)，远离支撑，放弃当日入场,False,,False,,,,True
bj920026,2025-03-21,2025-03,UP,deep_pullback,24.87165131190266,19.581758891840668,19.993821084348827,dynamic_stop,-0.21268762390257712,,0.0,False,开盘高开47.0% (>3%)，远离支撑，放弃当日入场,,0,True,开盘高开47.0% (>3%)，远离支撑，放弃当日入场,False,,False,,,,True
bj920000,2025-03-20,2025-03,UP,deep_pullback,30.753404486860585,24.46630540179362,24.394241011337428,initial_stop,-0.20443587270973962,,0.0,False,开盘高开9.0% (>3%)，远离支撑，放弃当日入场,,0,True,开盘高开9.0% (>3%)，远离支撑，放弃当日入场,False,,False,,,,True
bj920396,2025-03-20,2025-03,UP,deep_pullback,21.638985300122503,23.877501020824827,17.42933212535729,initial_tp,0.10344827586206873,,0.0,False,开盘高开33.4% (>3%)，远离支撑，放弃当日入场,,0,True,开盘高开33.4% (>3%)，远离支撑，放弃当日入场,False,,False,,,,True
bj920553,2025-03-14,2025-03,UP,deep_pullback,13.413280802068446,12.467156660262,12.333122406839422,dynamic_stop,-0.07053637031594417,,0.0,False,开盘高开10.4% (>3%)，远离支撑，放弃当日入场,,0,True,开盘高开10.4% (>3%)，远离支撑，放弃当日入场,False,,False,,,,True
bj920455,2025-03-20,2025-03,UP,deep_pullback,12.585791302600883,10.624996494904812,9.802042220935824,dynamic_stop,-0.15579432079815825,,0.0,False,开盘高开14.8% (>3%)，远离支撑，放弃当日入场,,0,True,开盘高开14.8% (>3%)，远离支撑，放弃当日入场,False,,False,,,,True
bj920943,2025-03-14,2025-03,UP,deep_pullback,22.74029605263157,24.17704678362573,22.85176809210526,dynamic_stop,0.06318082788671053,22.74029605263157,0.06318082788671053,False,触及支撑后未出现有效反转形态,,2,False,,True,60m收盘跌破支撑0.5%且未收回 (support=22.85),False,,,,True
bj920422,2025-03-20,2025-03,UP,shallow_pullback,15.163104190684038,15.178756427267968,11.822819077194318,initial_tp,0.0010322580645161228,,0.0,False,开盘高开19.7% (>3%)，远离支撑，放弃当日入场,,0,True,开盘高开19.7% (>3%)，远离支撑，放弃当日入场,False,,False,,,,True
bj920634,2025-03-16,2025-03,UP,deep_pullback,32.69220788774512,30.918365750156035,31.10466872326595,dynamic_stop,-0.054258866323128374,32.69220788774512,-0.054258866323128374,False,60分钟数据为空,,0,False,,False,,False,,,,False
bj920026,2025-03-19,2025-03,UP,deep_pullback,23.31497191798295,19.849423222016902,20.35939420898427,dynamic_stop,-0.14864048338368596,,0.0,False,开盘高开55.1% (>3%)，远离支撑，放弃当日入场,,0,True,开盘高开55.1% (>3%)，远离支撑，放弃当日入场,False,,False,,,,True
bj920576,2025-03-19,2025-03,UP,deep_pullback,34.799541809851085,35.76995189003436,26.12003894616265,initial_tp,0.02788571428571429,,0.0,False,开盘高开16.8% (>3%)，远离支撑，放弃当日入场,,0,True,开盘高开16.8% (>3%)，远离支撑，放弃当日入场,False,,False,,,,True
bj920422,2025-03-20,2025-03,UP,deep_pullback,17.902245592872124,15.178756427267968,12.19945101999518,initial_tp,-0.15213114754098378,,0.0,False,开盘高开16.0% (>3%)，远离支撑，放弃当日入场,,0,True,开盘高开16.0% (>3%)，远离支撑，放弃当日入场,False,,False,,,,True
bj920000,2025-03-20,2025-03,UP,deep_pullback,28.183206747682267,24.46630540179362,23.90185043676638,initial_stop,-0.13188354963170823,,0.0,False,开盘高开11.2% (>3%)，远离支撑，放弃当日入场,,0,True,开盘高开11.2% (>3%)，远离支撑，放弃当日入场,False,,False,,,,True
bj920871,2025-03-21,2025-03,UP,deep_pullback,16.732955354445743,13.910209316334589,14.27278617812645,dynamic_stop,-0.16869381279746165,,0.0,False,开盘高开12.4% (>3%)，远离支撑，放弃当日入场,,0,True,开盘高开12.4% (>3%)，远离支撑，放弃当日入场,False,,False,,,,True
bj920781,2025-03-22,2025-03,UP,shallow_pullback,11.13616893787204,10.845739104121508,8.855840946315116,initial_stop,-0.026079869600651784,,0.0,False,开盘高开19.0% (>3%)，远离支撑，放弃当日入场,,0,True,开盘高开19.0% (>3%)，远离支撑，放弃当日入场,False,,False,,,,True
bj920471,2025-03-21,2025-03,UP,shallow_pullback,20.864652561752383,19.793304444397155,15.819155373710656,initial_tp,-0.051347517730496395,,0.0,False,开盘高开6.1% (>3%)，远离支撑，放弃当日入场,,0,True,开盘高开6.1% (>3%)，远离支撑，放弃当日入场,False,,False,,,,True
bj920576,2025-03-21,2025-03,UP,deep_pullback,31.369301260022908,35.76995189003436,26.593809851088203,initial_tp,0.140285261489699,31.369301260022908,0.140285261489699,False,触及支撑后未出现有效反转形态,,1,False,,False,,False,,,,True
bj920553,2025-03-22,2025-03,UP,shallow_pullback,12.467156660262,10.348232801007985,9.535157366643071,dynamic_stop,-0.1699604743083004,,0.0,False,开盘高开11.7% (>3%)，远离支撑，放弃当日入场,,0,True,开盘高开11.7% (>3%)，远离支撑，放弃当日入场,False,,False,,,,True
bj920221,2025-03-22,2025-03,UP,deep_pullback,22.49521072796935,16.752796934865902,15.50165421455939,initial_stop,-0.2552727272727273,,0.0,False,开盘高开33.5% (>3%)，远离支撑，放弃当日入场,,0,True,开盘高开33.5% (>3%)，远离支撑，放弃当日入场,False,,False,,,,True
bj920871,2025-03-23,2025-03,UP,deep_pullback,17.573585052315835,15.485283908133288,14.376980016994032,dynamic_stop,-0.11883182275931525,17.573585052315835,-0.11883182275931525,False,60分钟数据为空,,0,False,,False,,False,,,,False
bj920422,2025-03-22,2025-03,UP,deep_pullback,15.838106893366104,15.178756427267968,12.45184333491108,initial_tp,-0.04163063619518248,,0.0,False,开盘高开5.7% (>3%)，远离支撑，放弃当日入场,,0,True,开盘高开5.7% (>3%)，远离支撑，放弃当日入场,False,,False,,,,True
bj920694,2025-03-21,2025-03,UP,deep_pullback,16.883874417549904,18.15576310046348,14.709347833082704,initial_tp,0.07533156498673765,,0.0,False,开盘高开34.9% (>3%)，远离支撑，放弃当日入场,,0,True,开盘高开34.9% (>3%)，远离支撑，放弃当日入场,False,,False,,,,True
bj920519,2025-03-23,2025-03,UP,deep_pullback,14.677474628119793,12.582091325639713,12.099859420746515,dynamic_stop,-0.14276184122748514,14.677474628119793,-0.14276184122748514,False,60分钟数据为空,,0,False,,False,,False,,,,False
bj920943,2025-03-22,2025-03,UP,shallow_pullback,24.67247807017544,21.50171783625731,19.797434210526315,initial_stop,-0.12851405622489964,,0.0,False,开盘高开4.8% (>3%)，远离支撑，放弃当日入场,,0,True,开盘高开4.8% (>3%)，远离支撑，放弃当日入场,False,,False,,,,True
bj920873,2025-03-22,2025-03,UP,deep_pullback,6.93,5.49,5.4295,dynamic_stop,-0.20779220779220775,,0.0,False,开盘高开11.2% (>3%)，远离支撑，放弃当日入场,,0,True,开盘高开11.2% (>3%)，远离支撑，放弃当日入场,False,,False,,,,True
bj920781,2025-03-22,2025-03,UP,deep_pullback,11.490130297755506,10.845739104121508,9.07502471147372,initial_stop,-0.05608214849921023,,0.0,False,开盘高开16.1% (>3%)，远离支撑，放弃当日入场,,0,True,开盘高开16.1% (>3%)，远离支撑，放弃当日入场,False,,False,,,,True
bj920639,2025-03-21,2025-03,UP,deep_pullback,8.59,10.896,7.3375,initial_tp,0.2684516880093133,8.59,0.2684516880093133,False,触及支撑后未出现有效反转形态,,1,False,,False,,False,,,,True
bj920427,2025-03-20,2025-03,UP,deep_pullback,16.232180657854528,14.460101618231192,14.587682599133476,initial_stop,-0.10917073170731695,,0.0,False,开盘高开6.2% (>3%)，远离支撑，放弃当日入场,,0,True,开盘高开6.2% (>3%)，远离支撑，放弃当日入场,False,,False,,,,True
bj920370,2025-03-22,2025-03,UP,shallow_pullback,5.03,4.5,4.308,dynamic_stop,-0.10536779324055667,,0.0,False,开盘高开8.2% (>3%)，远离支撑，放弃当日入场,,0,True,开盘高开8.2% (>3%)，远离支撑，放弃当日入场,False,,False,,,,True
bj920471,2025-03-21,2025-03,UP,deep_pullback,18.74365951173973,19.793304444397155,16.12349321367759,initial_tp,0.05600000000000005,,0.0,False,开盘高开4.1% (>3%)，远离支撑，放弃当日入场,,0,True,开盘高开4.1% (>3%)，远离支撑，放弃当日入场,False,,False,,,,True
bj920547,2025-03-22,2025-03,UP,shallow_pullback,23.388144329896907,21.848797250859107,20.221558419243983,dynamic_stop,-0.06581740976645434,,0.0,False,开盘高开6.9% (>3%)，远离支撑，放弃当日入场,,0,True,开盘高开6.9% (>3%)，远离支撑，放弃当日入场,False,,False,,,,True
bj920300,2025-03-22,2025-03,UP,deep_pullback,19.51,17.03,14.8,initial_stop,-0.12711430035879034,,0.0,False,开盘高开17.8% (>3%)，远离支撑，放弃当日入场,,0,True,开盘高开17.8% (>3%)，远离支撑，放弃当日入场,False,,False,,,,True
bj920873,2025-03-22,2025-03,UP,deep_pullback,7.0,5.49,5.4212,dynamic_stop,-0.21571428571428564,,0.0,False,开盘高开11.4% (>3%)，远离支撑，放弃当日入场,,0,True,开盘高开11.4% (>3%)，远离支撑，放弃当日入场,False,,False,,,,True
bj920422,2025-03-22,2025-03,UP,deep_pullback,15.30006126079344,15.178756427267968,12.700322590681,initial_tp,-0.007928388746803017,,0.0,False,开盘高开3.6% (>3%)，远离支撑，放弃当日入场,,0,True,开盘高开3.6% (>3%)，远离支撑，放弃当日入场,False,,False,,,,True
bj920260,2025-03-23,2025-03,UP,deep_pullback,14.163560755904012,12.86282558444344,12.26400565180437,dynamic_stop,-0.09183673469387743,14.163560755904012,-0.09183673469387743,False,60分钟数据为空,,0,False,,False,,False,,,,False
bj920802,2025-03-23,2025-03,UP,deep_pullback,17.596539266089092,14.51733591210129,15.069758747072305,dynamic_stop,-0.17498914459400794,17.596539266089092,-0.17498914459400794,False,60分钟数据为空,,0,False,,False,,False,,,,False
bj920768,2025-03-23,2025-03,UP,deep_pullback,8.144949066213922,6.805087315061849,6.890415352898375,dynamic_stop,-0.16450216450216437,8.144949066213922,-0.16450216450216437,False,60分钟数据为空,,0,False,,False,,False,,,,False
bj920717,2025-03-25,2025-03,UP,deep_pullback,13.403581936620895,10.581250323478251,11.3676137428998,dynamic_stop,-0.21056547619047628,13.403581936620895,-0.21056547619047628,False,触及支撑后K线不足,,1,False,,True,60m收盘跌破支撑0.5%且未收回 (support=11.37),False,,,,True
bj920833,2025-03-27,2025-03,UP,shallow_pullback,22.397185527718538,18.216771013322237,17.596102411302454,dynamic_stop,-0.18664909969257792,,0.0,False,开盘高开17.1% (>3%)，远离支撑，放弃当日入场,,0,True,开盘高开17.1% (>3%)，远离支撑，放弃当日入场,False,,False,,,,True
bj920405,2025-03-22,2025-03,UP,deep_pullback,23.80537547467463,20.694276299905045,20.270376006240568,dynamic_stop,-0.13068893528183712,,0.0,False,开盘高开8.5% (>3%)，远离支撑，放弃当日入场,,0,True,开盘高开8.5% (>3%)，远离支撑，放弃当日入场,False,,False,,,,True
bj920509,2025-03-22,2025-03,UP,deep_pullback,23.5454852646569,24.60503210156646,19.208210666529894,initial_tp,0.04499999999999993,,0.0,False,开盘高开8.8% (>3%)，远离支撑，放弃当日入场,,0,True,开盘高开8.8% (>3%)，远离支撑，放弃当日入场,False,,False,,,,True
bj920571,2025-03-27,2025-03,UP,deep_pullback,8.217165668662675,6.890538922155689,6.8336127744510975,dynamic_stop,-0.1614457831325301,,0.0,False,开盘高开13.7% (>3%)，远离支撑，放弃当日入场,,0,True,开盘高开13.7% (>3%)，远离支撑，放弃当日入场,False,,False,,,,True
bj920786,2025-03-22,2025-03,UP,shallow_pullback,9.52,10.08,8.894000000000002,initial_stop,0.05882352941176472,,0.0,False,开盘高开7.0% (>3%)，远离支撑，放弃当日入场,,0,True,开盘高开7.0% (>3%)，远离支撑，放弃当日入场,False,,False,,,,True
bj920571,2025-04-01,2025-04,UP,deep_pullback,8.43497005988024,6.011401197604791,7.0717125748503,dynamic_stop,-0.28732394366197167,8.43497005988024,-0.28732394366197167,False,触及支撑后未出现有效反转形态,,3,False,,True,60m收盘跌破支撑0.5%且未收回 (support=7.07),False,,,,True
bj920634,2025-03-25,2025-03,UP,deep_pullback,30.12558714117767,32.09167809144402,31.10466872326595,dynamic_stop,0.06526315789473736,30.12558714117767,0.06526315789473736,False,"当日未触及支撑区 (support=31.10, tol=1.5%, day_low=30.25)",,0,False,,False,,False,,,,True
bj920634,2025-04-01,2025-04,UP,deep_pullback,34.88225879504784,24.25109764864803,27.5703625871143,dynamic_stop,-0.3047727272727273,28.360000610351562,-0.1448837402423665,True,pinbar反转，入场价 28.36 < 34.88 (改善18.70%),pinbar,3,False,,False,,False,,,,True
sz002052,2025-03-28,2025-03,RANGE,deep_pullback,6.55,5.98,5.891166666666667,dynamic_stop,-0.08702290076335872,6.55,-0.08702290076335872,False,触及支撑后未出现有效反转形态,,5,False,,False,,False,,,,True
sz002300,2025-04-01,2025-04,UP,shallow_pullback,8.364884390135032,5.284638726473544,5.724041182967108,dynamic_stop,-0.368235294117647,,0.0,False,开盘高开9.9% (>3%)，远离支撑，放弃当日入场,,0,True,开盘高开9.9% (>3%)，远离支撑，放弃当日入场,False,,False,,,,True
bj920639,2025-04-04,2025-04,UP,deep_pullback,10.6,9.6,6.992333333333333,initial_stop,-0.09433962264150941,,0.0,False,开盘高开24.4% (>3%)，远离支撑，放弃当日入场,,0,True,开盘高开24.4% (>3%)，远离支撑，放弃当日入场,False,,False,,,,True
sz300927,2025-04-04,2025-04,UP,deep_pullback,31.700934582063592,28.77009346032564,20.790529596736704,initial_tp,-0.09245283018867911,,0.0,False,开盘高开26.1% (>3%)，远离支撑，放弃当日入场,,0,True,开盘高开26.1% (>3%)，远离支撑，放弃当日入场,False,,False,,,,True
bj920834,2025-03-30,2025-03,UP,deep_pullback,12.083259236991005,10.265937047747556,10.050081704737948,dynamic_stop,-0.1504000000000001,12.083259236991005,-0.1504000000000001,False,60分钟数据为空,,0,False,,False,,False,,,,False
sz002141,2025-04-03,2025-04,RANGE,deep_pullback,1.79,1.944,1.562,initial_tp,0.08603351955307259,,0.0,False,开盘高开8.2% (>3%)，远离支撑，放弃当日入场,,0,True,开盘高开8.2% (>3%)，远离支撑，放弃当日入场,False,,False,,,,True
bj920639,2025-04-04,2025-04,UP,deep_pullback,9.3,9.6,7.056333333333333,initial_stop,0.032258064516129004,,0.0,False,开盘高开23.3% (>3%)，远离支撑，放弃当日入场,,0,True,开盘高开23.3% (>3%)，远离支撑，放弃当日入场,False,,False,,,,True
bj920509,2025-04-02,2025-04,UP,deep_pullback,30.216706089643026,30.6209035866863,22.858349519683333,initial_tp,0.013376623376623265,,0.0,False,开盘高开40.0% (>3%)，远离支撑，放弃当日入场,,0,True,开盘高开40.0% (>3%)，远离支撑，放弃当日入场,False,,False,,,,True
bj920509,2025-04-04,2025-04,UP,deep_pullback,26.9792018657527,30.6209035866863,23.00688228922787,initial_tp,0.1349818181818181,,0.0,False,开盘高开30.4% (>3%)，远离支撑，放弃当日入场,,0,True,开盘高开30.4% (>3%)，远离支撑，放弃当日入场,False,,False,,,,True
bj920509,2025-04-04,2025-04,UP,deep_pullback,31.393980352875868,30.6209035866863,23.00688228922787,initial_tp,-0.024625000000000008,,0.0,False,开盘高开30.4% (>3%)，远离支撑，放弃当日入场,,0,True,开盘高开30.4% (>3%)，远离支撑，放弃当日入场,False,,False,,,,True
bj920639,2025-04-05,2025-04,UP,deep_pullback,9.44,9.6,7.162999999999999,initial_stop,0.016949152542372836,9.44,0.016949152542372836,False,60分钟数据为空,,0,False,,False,,False,,,,False
sh603353,2025-04-07,2025-04,UP,deep_pullback,21.240761302362827,14.43383826174516,13.947477786381404,initial_stop,-0.3204651162790697,,0.0,False,开盘高开10.0% (>3%)，远离支撑，放弃当日入场,,0,True,开盘高开10.0% (>3%)，远离支撑，放弃当日入场,False,,False,,,,True
bj920230,2025-04-05,2025-04,UP,deep_pullback,19.05138937495625,19.480198782109603,14.809047735703782,initial_tp,0.02250803858520878,19.05138937495625,0.02250803858520878,False,60分钟数据为空,,0,False,,False,,False,,,,False
bj920230,2025-04-05,2025-04,UP,deep_pullback,20.41439070483656,19.480198782109603,15.212779449849512,initial_tp,-0.04576144036009011,20.41439070483656,-0.04576144036009011,False,60分钟数据为空,,0,False,,False,,False,,,,False
bj920230,2025-04-05,2025-04,UP,deep_pullback,18.392860642542168,19.480198782109603,15.581478966892975,initial_tp,0.05911740216486239,18.392860642542168,0.05911740216486239,False,60分钟数据为空,,0,False,,False,,False,,,,False
bj920505,2025-04-08,2025-04,UP,deep_pullback,30.314095080919945,47.56430603909852,28.88088442168432,initial_tp,0.5690491803278688,,0.0,False,开盘高开5.6% (>3%)，远离支撑，放弃当日入场,,0,True,开盘高开5.6% (>3%)，远离支撑，放弃当日入场,False,,False,,,,True
bj920230,2025-04-09,2025-04,UP,deep_pullback,16.233498985091337,17.458668719815215,16.7391112199902,dynamic_stop,0.07547169811320775,,0.0,False,开盘高开26.6% (>3%)，远离支撑，放弃当日入场,,0,True,开盘高开26.6% (>3%)，远离支撑，放弃当日入场,False,,False,,,,True
bj920509,2025-04-09,2025-04,UP,deep_pullback,26.047193074026698,29.59863710144578,24.28422486483551,initial_stop,0.136346516007533,,0.0,False,开盘高开9.3% (>3%)，远离支撑，放弃当日入场,,0,True,开盘高开9.3% (>3%)，远离支撑，放弃当日入场,False,,False,,,,True
bj920866,2025-04-10,2025-04,UP,deep_pullback,11.628155339805826,11.69516504854369,11.03797718446602,initial_stop,0.0057627118644068,11.628155339805826,0.0057627118644068,False,触及支撑后未出现有效反转形态,,1,False,,False,,False,,,,True
bj920706,2025-04-14,2025-04,UP,deep_pullback,18.59794099649049,19.0011750424218,18.176512243608617,initial_stop,0.021681649920676893,,0.0,False,开盘高开9.5% (>3%)，远离支撑，放弃当日入场,,0,True,开盘高开9.5% (>3%)，远离支撑，放弃当日入场,False,,False,,,,True
bj920230,2025-04-13,2025-04,UP,deep_pullback,17.59650031497165,16.846083852453276,16.7391112199902,dynamic_stop,-0.04264577893820709,17.59650031497165,-0.04264577893820709,False,60分钟数据为空,,0,False,,False,,False,,,,False
bj920608,2025-04-15,2025-04,UP,deep_pullback,20.206022944550668,19.56534416826004,19.32878585086042,dynamic_stop,-0.03170731707317054,,0.0,False,开盘高开5.8% (>3%)，远离支撑，放弃当日入场,,0,True,开盘高开5.8% (>3%)，远离支撑，放弃当日入场,False,,False,,,,True
bj920953,2025-04-10,2025-04,RANGE,deep_pullback,32.97079332876052,35.36905738051798,34.15925058883024,initial_stop,0.07273904597453051,,0.0,False,开盘高开35.6% (>3%)，远离支撑，放弃当日入场,,0,True,开盘高开35.6% (>3%)，远离支撑，放弃当日入场,False,,False,,,,True
bj920026,2025-04-11,2025-04,UP,deep_pullback,20.42701467134458,21.93579623775907,20.800688163866937,dynamic_stop,0.07386206896551761,,0.0,False,开盘高开39.4% (>3%)，远离支撑，放弃当日入场,,0,True,开盘高开39.4% (>3%)，远离支撑，放弃当日入场,False,,False,,,,True
bj920765,2025-04-12,2025-04,RANGE,deep_pullback,18.68191271824848,17.423389352396327,16.409788198461506,initial_stop,-0.0673658733360224,,0.0,False,开盘高开51.1% (>3%)，远离支撑，放弃当日入场,,0,True,开盘高开51.1% (>3%)，远离支撑，放弃当日入场,False,,False,,,,True
bj920564,2025-04-11,2025-04,RANGE,deep_pullback,14.452852414729168,15.988770670387318,14.584420187229616,initial_stop,0.10627094303494489,,0.0,False,开盘高开43.2% (>3%)，远离支撑，放弃当日入场,,0,True,开盘高开43.2% (>3%)，远离支撑，放弃当日入场,False,,False,,,,True
bj920706,2025-04-14,2025-04,UP,deep_pullback,19.37490415816301,19.0011750424218,18.113076643699912,initial_stop,-0.0192893401015225,,0.0,False,开盘高开9.9% (>3%)，远离支撑，放弃当日入场,,0,True,开盘高开9.9% (>3%)，远离支撑，放弃当日入场,False,,False,,,,True
bj920230,2025-04-13,2025-04,UP,deep_pullback,18.66852383285504,16.846083852453276,16.7391112199902,dynamic_stop,-0.09762100082034464,18.66852383285504,-0.09762100082034464,False,60分钟数据为空,,0,False,,False,,False,,,,False
bj920002,2025-04-11,2025-04,UP,deep_pullback,101.94752356076054,102.30804365803311,101.72677104911324,initial_stop,0.003536330110634811,,0.0,False,开盘高开97.3% (>3%)，远离支撑，放弃当日入场,,0,True,开盘高开97.3% (>3%)，远离支撑，放弃当日入场,False,,False,,,,True
bj920663,2025-04-11,2025-04,RANGE,deep_pullback,16.534806405911983,19.96060702328594,16.48125534701085,initial_stop,0.2071872227151732,,0.0,False,开盘高开36.8% (>3%)，远离支撑，放弃当日入场,,0,True,开盘高开36.8% (>3%)，远离支撑，放弃当日入场,False,,False,,,,True
bj920608,2025-04-15,2025-04,UP,deep_pullback,21.73379541108987,19.56534416826004,19.32878585086042,dynamic_stop,-0.09977324263038545,,0.0,False,开盘高开5.8% (>3%)，远离支撑，放弃当日入场,,0,True,开盘高开5.8% (>3%)，远离支撑，放弃当日入场,False,,False,,,,True
bj920856,2025-04-11,2025-04,UP,deep_pullback,18.998813563343848,21.40711387419025,19.949646204589133,dynamic_stop,0.12676056338028174,,0.0,False,开盘高开6.8% (>3%)，远离支撑，放弃当日入场,,0,True,开盘高开6.8% (>3%)，远离支撑，放弃当日入场,False,,False,,,,True
bj920953,2025-04-11,2025-04,RANGE,deep_pullback,33.80342506186326,35.36905738051798,34.15925058883024,initial_stop,0.04631578947368431,,0.0,False,开盘高开39.1% (>3%)，远离支撑，放弃当日入场,,0,True,开盘高开39.1% (>3%)，远离支撑，放弃当日入场,False,,False,,,,True
bj920249,2025-04-12,2025-04,UP,deep_pullback,15.1,14.65,14.9255,dynamic_stop,-0.02980132450331119,15.050000190734863,-0.02657808542627882,True,pinbar反转，入场价 15.05 < 15.10 (改善0.33%),pinbar,2,False,,False,,False,,,,True
bj920706,2025-04-14,2025-04,UP,deep_pullback,19.58143866949369,19.0011750424218,18.135205341342484,initial_stop,-0.029633350075339182,,0.0,False,开盘高开9.8% (>3%)，远离支撑，放弃当日入场,,0,True,开盘高开9.8% (>3%)，远离支撑，放弃当日入场,False,,False,,,,True
bj920427,2025-04-12,2025-04,UP,deep_pullback,13.807251230309188,13.17380027780755,13.794714180207595,dynamic_stop,-0.04587813620071668,13.807251230309188,-0.04587813620071668,False,触及支撑后K线不足,,1,False,,False,,False,,,,True
bj920570,2025-04-13,2025-04,UP,deep_pullback,36.35353489429416,33.92270970675153,34.82882700613776,dynamic_stop,-0.06686626746506985,36.35353489429416,-0.06686626746506985,False,60分钟数据为空,,0,False,,False,,False,,,,False
bj920002,2025-04-17,2025-04,UP,deep_pullback,111.20439528047078,137.24353849554154,101.168157961527,initial_tp,0.23415570175438605,,0.0,False,开盘高开113.5% (>3%)，远离支撑，放弃当日入场,,0,True,开盘高开113.5% (>3%)，远离支撑，放弃当日入场,False,,False,,,,True
bj920856,2025-04-12,2025-04,UP,deep_pullback,20.113767410957927,21.319344707306072,19.78151116436893,initial_stop,0.059937915742793724,,0.0,False,开盘高开7.7% (>3%)，远离支撑，放弃当日入场,,0,True,开盘高开7.7% (>3%)，远离支撑，放弃当日入场,False,,False,,,,True
bj920855,2025-04-14,2025-04,UP,shallow_pullback,20.79266573579086,20.485726384452995,19.526664677389643,dynamic_stop,-0.014761904761904643,,0.0,False,开盘高开7.5% (>3%)，远离支撑，放弃当日入场,,0,True,开盘高开7.5% (>3%)，远离支撑，放弃当日入场,False,,False,,,,True
bj920857,2025-04-15,2025-04,UP,deep_pullback,17.4764928153273,17.05872804683342,17.432063863757314,dynamic_stop,-0.02390438247011961,17.4764928153273,-0.02390438247011961,False,触及支撑后未出现有效反转形态,,4,False,,False,,False,,,,True
bj920706,2025-04-16,2025-04,UP,deep_pullback,20.65345113306717,19.0011750424218,18.119469378574436,initial_stop,-0.07999999999999974,,0.0,False,开盘高开3.8% (>3%)，远离支撑，放弃当日入场,,0,True,开盘高开3.8% (>3%)，远离支撑，放弃当日入场,False,,False,,,,True
bj920856,2025-04-18,2025-04,UP,shallow_pullback,23.173200768810947,25.6885366490283,19.78240312744702,initial_tp,0.10854503464203225,,0.0,False,开盘高开17.6% (>3%)，远离支撑，放弃当日入场,,0,True,开盘高开17.6% (>3%)，远离支撑，放弃当日入场,False,,False,,,,True
bj920753,2025-04-19,2025-04,UP,deep_pullback,28.96673140125403,27.29650753232487,27.19940149343364,dynamic_stop,-0.057660073751257035,27.959999084472656,-0.023730027677871024,True,engulf反转，入场价 27.96 < 28.97 (改善3.48%),engulf,1,False,,False,,False,,,,True
bj920564,2025-04-15,2025-04,UP,deep_pullback,15.947259366180342,16.113304583008247,15.774295598651271,initial_stop,0.010412147505422853,,0.0,False,开盘高开46.1% (>3%)，远离支撑，放弃当日入场,,0,True,开盘高开46.1% (>3%)，远离支撑，放弃当日入场,False,,False,,,,True
sh603709,2025-04-19,2025-04,UP,deep_pullback,16.0,11.1,11.09,dynamic_stop,-0.30625,,0.0,False,开盘高开9.5% (>3%)，远离支撑，放弃当日入场,,0,True,开盘高开9.5% (>3%)，远离支撑，放弃当日入场,False,,False,,,,True
bj920346,2025-04-16,2025-04,RANGE,deep_pullback,27.65656564693258,27.96276333802362,25.68109667215168,dynamic_stop,0.011071428571428621,,0.0,False,开盘高开3.0% (>3%)，远离支撑，放弃当日入场,,0,True,开盘高开3.0% (>3%)，远离支撑，放弃当日入场,False,,False,,,,True
bj920943,2025-04-15,2025-04,RANGE,deep_pullback,18.59849049707602,17.867233918128655,18.16366697124756,initial_stop,-0.03931806073521571,,0.0,False,开盘高开3.3% (>3%)，远离支撑，放弃当日入场,,0,True,开盘高开3.3% (>3%)，远离支撑，放弃当日入场,False,,False,,,,True
sz002693,2025-04-15,2025-04,RANGE,deep_pullback,9.14,9.57,9.1195,dynamic_stop,0.04704595185995619,9.14,0.04704595185995619,False,反转pinbar出现但价格未优于原价 (opt=9.87 vs orig=9.14),pinbar,1,False,,False,,False,,,,True
bj920634,2025-04-19,2025-04,UP,deep_pullback,28.83732190158784,29.03551655383243,28.52566081093322,dynamic_stop,0.0068728522336769515,28.83732190158784,0.0068728522336769515,False,"当日未触及支撑区 (support=28.53, tol=1.5%, day_low=26.63)",,0,False,,True,60m收盘跌破支撑0.5%且未收回 (support=28.53),False,,,,True
bj920533,2025-04-19,2025-04,RANGE,deep_pullback,39.13972267536704,39.43849918433931,38.22334703224996,dynamic_stop,0.007633587786259444,,0.0,False,开盘高开26.4% (>3%)，远离支撑，放弃当日入场,,0,True,开盘高开26.4% (>3%)，远离支撑，放弃当日入场,False,,False,,,,True
bj920002,2025-04-16,2025-04,UP,deep_pullback,112.80478748228676,108.06457819881274,111.20439528047078,dynamic_stop,-0.04202134846642347,,0.0,False,开盘高开99.7% (>3%)，远离支撑，放弃当日入场,,0,True,开盘高开99.7% (>3%)，远离支撑，放弃当日入场,False,,False,,,,True
bj920026,2025-04-18,2025-04,RANGE,deep_pullback,18.60267094724864,19.194349992901373,18.57543492768684,dynamic_stop,0.03180613404013588,,0.0,False,开盘高开34.6% (>3%)，远离支撑，放弃当日入场,,0,True,开盘高开34.6% (>3%)，远离支撑，放弃当日入场,False,,False,,,,True
bj920075,2025-04-16,2025-04,RANGE,deep_pullback,27.81090718184972,28.27636169535348,27.408482967049597,initial_stop,0.01673640167363999,,0.0,False,开盘高开4.6% (>3%)，远离支撑，放弃当日入场,,0,True,开盘高开4.6% (>3%)，远离支撑，放弃当日入场,False,,False,,,,True
sz002693,2025-04-22,2025-04,RANGE,deep_pullback,10.32,8.7216,9.0475,dynamic_stop,-0.1548837209302325,,0.0,False,开盘高开17.5% (>3%)，远离支撑，放弃当日入场,,0,True,开盘高开17.5% (>3%)，远离支撑，放弃当日入场,False,,False,,,,True
bj920245,2025-04-19,2025-04,UP,deep_pullback,24.56136402023169,24.44162120740005,24.279616225333708,dynamic_stop,-0.004875250932033115,,0.0,False,开盘高开40.4% (>3%)，远离支撑，放弃当日入场,,0,True,开盘高开40.4% (>3%)，远离支撑，放弃当日入场,False,,False,,,,True
sz300994,2025-04-22,2025-04,UP,deep_pullback,14.020325819887033,14.98246833943602,14.283791889199328,initial_stop,0.06862483311081413,14.020325819887033,0.06862483311081413,False,"当日未触及支撑区 (support=14.28, tol=1.5%, day_low=13.38)",,0,False,,True,60m收盘跌破支撑0.5%且未收回 (support=14.28),False,,,,True
bj920627,2025-04-16,2025-04,UP,deep_pullback,26.933958648546582,28.135658131022296,26.370186136520097,dynamic_stop,0.0446165191740413,26.549999237060547,0.05972350054716258,True,pinbar反转，入场价 26.55 < 26.93 (改善1.43%),pinbar,4,False,,False,,False,,,,True
bj920957,2025-04-18,2025-04,UP,deep_pullback,14.853173575129532,14.54518134715026,14.417016839378238,dynamic_stop,-0.020735785953177044,,0.0,False,开盘高开3.4% (>3%)，远离支撑，放弃当日入场,,0,True,开盘高开3.4% (>3%)，远离支撑，放弃当日入场,False,,False,,,,True
bj920726,2025-04-22,2025-04,UP,deep_pullback,24.7762426253066,22.99235315628452,22.81099106026728,dynamic_stop,-0.07200000000000029,,0.0,False,开盘高开9.5% (>3%)，远离支撑，放弃当日入场,,0,True,开盘高开9.5% (>3%)，远离支撑，放弃当日入场,False,,False,,,,True
bj920239,2025-04-17,2025-04,UP,deep_pullback,29.95074825449449,30.500878250333844,28.88495843344116,initial_stop,0.01836782143687521,,0.0,False,开盘高开43.7% (>3%)，远离支撑，放弃当日入场,,0,True,开盘高开43.7% (>3%)，远离支撑，放弃当日入场,False,,False,,,,True
bj920346,2025-04-16,2025-04,RANGE,deep_pullback,26.13545453635129,29.63203462171348,25.68109667215168,initial_tp,0.13378684807256236,,0.0,False,开盘高开3.0% (>3%)，远离支撑，放弃当日入场,,0,True,开盘高开3.0% (>3%)，远离支撑，放弃当日入场,False,,False,,,,True
bj920505,2025-04-23,2025-04,UP,shallow_pullback,39.48783598573604,41.445828356536445,32.95291221009511,initial_tp,0.04958469670274357,,0.0,False,开盘高开8.0% (>3%)，远离支撑，放弃当日入场,,0,True,开盘高开8.0% (>3%)，远离支撑，放弃当日入场,False,,False,,,,True
bj920726,2025-04-22,2025-04,UP,deep_pullback,25.767292330318856,22.99235315628452,22.949242494116486,dynamic_stop,-0.10769230769230764,,0.0,False,开盘高开8.8% (>3%)，远离支撑，放弃当日入场,,0,True,开盘高开8.8% (>3%)，远离支撑，放弃当日入场,False,,False,,,,True
sz002693,2025-04-22,2025-04,RANGE,deep_pullback,11.58,8.7216,9.042,dynamic_stop,-0.2468393782383419,,0.0,False,开盘高开17.6% (>3%)，远离支撑，放弃当日入场,,0,True,开盘高开17.6% (>3%)，远离支撑，放弃当日入场,False,,False,,,,True
bj920639,2025-04-17,2025-04,UP,deep_pullback,9.03,9.6,9.136,initial_stop,0.06312292358803995,9.03,0.06312292358803995,False,触及支撑后未出现有效反转形态,,4,False,,False,,False,,,,True
bj920826,2025-04-19,2025-04,UP,deep_pullback,15.707935724132255,14.431665946546511,14.444919517313746,dynamic_stop,-0.08124999999999993,,0.0,False,开盘高开14.2% (>3%)，远离支撑，放弃当日入场,,0,True,开盘高开14.2% (>3%)，远离支撑，放弃当日入场,False,,False,,,,True
bj920765,2025-04-20,2025-04,RANGE,deep_pullback,17.943378048466975,16.82050390767673,17.064634832447872,dynamic_stop,-0.0625787484250313,17.943378048466975,-0.0625787484250313,False,60分钟数据为空,,0,False,,False,,False,,,,False
bj920261,2025-04-18,2025-04,UP,deep_pullback,12.96058000752368,13.341773537156731,12.927320872063198,dynamic_stop,0.02941176470588247,,0.0,False,开盘高开5.2% (>3%)，远离支撑，放弃当日入场,,0,True,开盘高开5.2% (>3%)，远离支撑，放弃当日入场,False,,False,,,,True
bj920665,2025-04-21,2025-04,UP,shallow_pullback,13.514785801713588,12.87075275397797,12.938128518971848,dynamic_stop,-0.047653958944281594,,0.0,False,开盘高开7.3% (>3%)，远离支撑，放弃当日入场,,0,True,开盘高开7.3% (>3%)，远离支撑，放弃当日入场,False,,False,,,,True
bj920526,2025-04-18,2025-04,RANGE,deep_pullback,29.587498103474434,30.18321954179942,30.07069438122692,dynamic_stop,0.020134228187919323,29.587498103474434,0.020134228187919323,False,触及支撑后未出现有效反转形态,,4,False,,False,,False,,,,True
bj920527,2025-04-22,2025-04,UP,deep_pullback,19.13317138038402,16.524812506486768,17.280084684905297,initial_stop,-0.13632653061224498,,0.0,False,开盘高开12.5% (>3%)，远离支撑，放弃当日入场,,0,True,开盘高开12.5% (>3%)，远离支撑，放弃当日入场,False,,False,,,,True
bj920378,2025-04-18,2025-04,UP,deep_pullback,13.333791855995685,13.480855736760343,13.20290500211514,dynamic_stop,0.011029411764705843,,0.0,False,开盘高开3.0% (>3%)，远离支撑，放弃当日入场,,0,True,开盘高开3.0% (>3%)，远离支撑，放弃当日入场,False,,False,,,,True
bj920046,2025-04-23,2025-04,UP,deep_pullback,17.167640824606668,16.919553529453392,16.700045890701773,dynamic_stop,-0.014450867052023142,,0.0,False,开盘高开4.0% (>3%)，远离支撑，放弃当日入场,,0,True,开盘高开4.0% (>3%)，远离支撑，放弃当日入场,False,,False,,,,True
bj920026,2025-04-19,2025-04,UP,deep_pullback,18.94781705721273,18.83511628661221,18.738146665241345,dynamic_stop,-0.005947955390334547,,0.0,False,开盘高开33.4% (>3%)，远离支撑，放弃当日入场,,0,True,开盘高开33.4% (>3%)，远离支撑，放弃当日入场,False,,False,,,,True
bj920924,2025-04-19,2025-04,RANGE,deep_pullback,28.917372957248887,29.4458628768124,28.560060590248398,dynamic_stop,0.018275862068965365,28.917372957248887,0.018275862068965365,False,反转pinbar出现但价格未优于原价 (opt=30.70 vs orig=28.92),pinbar,1,False,,False,,False,,,,True
bj920570,2025-04-19,2025-04,UP,deep_pullback,36.46237781313935,36.45330756990224,35.50138554216868,dynamic_stop,-0.0002487562189056325,,0.0,False,开盘高开7.0% (>3%)，远离支撑，放弃当日入场,,0,True,开盘高开7.0% (>3%)，远离支撑，放弃当日入场,False,,False,,,,True
bj920427,2025-04-25,2025-04,RANGE,deep_pullback,14.529781223006372,13.559809451988237,11.976182070734136,initial_stop,-0.06675749318801083,,0.0,False,开盘高开12.3% (>3%)，远离支撑，放弃当日入场,,0,True,开盘高开12.3% (>3%)，远离支撑，放弃当日入场,False,,False,,,,True
sz002693,2025-04-22,2025-04,RANGE,deep_pullback,11.81,8.7216,9.2535,dynamic_stop,-0.2615071972904318,,0.0,False,开盘高开14.9% (>3%)，远离支撑，放弃当日入场,,0,True,开盘高开14.9% (>3%)，远离支撑，放弃当日入场,False,,False,,,,True
bj920690,2025-04-26,2025-04,UP,deep_pullback,18.293610298234817,21.023557009406925,17.045104777880834,initial_tp,0.1492295214922954,,0.0,False,开盘高开44.3% (>3%)，远离支撑，放弃当日入场,,0,True,开盘高开44.3% (>3%)，远离支撑，放弃当日入场,False,,False,,,,True
bj920378,2025-04-26,2025-04,UP,deep_pullback,13.382813149583905,13.951460155207249,12.814002739648595,initial_stop,0.04249084249084234,12.59000015258789,0.10813820382198402,True,pinbar反转，入场价 12.59 < 13.38 (改善5.92%),pinbar,2,False,,True,60m收盘跌破支撑0.5%且未收回 (support=12.81),False,,,,True
bj920261,2025-04-19,2025-04,UP,deep_pullback,13.22741547826682,13.341773537156731,12.847842021134708,dynamic_stop,0.008645533141210082,,0.0,False,开盘高开5.9% (>3%)，远离支撑，放弃当日入场,,0,True,开盘高开5.9% (>3%)，远离支撑，放弃当日入场,False,,False,,,,True
bj920579,2025-04-19,2025-04,UP,deep_pullback,28.96895282772641,28.869059886941148,28.621824858497625,dynamic_stop,-0.0034482758620689724,28.96895282772641,-0.0034482758620689724,False,触及支撑后未出现有效反转形态,,4,False,,False,,False,,,,True
bj920701,2025-04-19,2025-04,RANGE,deep_pullback,23.60786802030457,23.897751994198696,23.18270485859319,dynamic_stop,0.01227912548667276,,0.0,False,开盘高开38.0% (>3%)，远离支撑，放弃当日入场,,0,True,开盘高开38.0% (>3%)，远离支撑，放弃当日入场,False,,False,,,,True
bj920639,2025-04-19,2025-04,UP,deep_pullback,9.6,9.08,9.303,dynamic_stop,-0.054166666666666585,9.579999923706055,-0.05219205925761927,True,pinbar反转，入场价 9.58 < 9.60 (改善0.21%),pinbar,4,False,,False,,False,,,,True
bj920779,2025-04-28,2025-04,UP,deep_pullback,48.96565926580435,44.29846423436376,41.93925836976025,initial_stop,-0.09531567840443567,,0.0,False,开盘高开7.3% (>3%)，远离支撑，放弃当日入场,,0,True,开盘高开7.3% (>3%)，远离支撑，放弃当日入场,False,,False,,,,True
bj920924,2025-04-23,2025-04,RANGE,deep_pullback,30.19372597053436,27.87036462603815,28.80735398657245,dynamic_stop,-0.0769484808454427,,0.0,False,开盘高开3.7% (>3%)，远离支撑，放弃当日入场,,0,True,开盘高开3.7% (>3%)，远离支撑，放弃当日入场,False,,False,,,,True
bj920249,2025-04-27,2025-04,UP,deep_pullback,15.25,15.91,14.236666666666668,initial_stop,0.04327868852459016,15.25,0.04327868852459016,False,60分钟数据为空,,0,False,,False,,False,,,,False
bj920021,2025-04-29,2025-04,RANGE,deep_pullback,6.918526489610309,7.058294701521628,6.619023178371768,dynamic_stop,0.020202020202020332,6.918526489610309,0.020202020202020332,False,"当日未触及支撑区 (support=6.62, tol=1.5%, day_low=6.12)",,0,False,,True,60m收盘跌破支撑0.5%且未收回 (support=6.62),False,,,,True
bj920932,2025-04-23,2025-04,RANGE,deep_pullback,20.7651547257621,19.39508266138192,20.085113747973395,dynamic_stop,-0.06597938144329885,,0.0,False,开盘高开40.9% (>3%)，远离支撑，放弃当日入场,,0,True,开盘高开40.9% (>3%)，远离支撑，放弃当日入场,False,,False,,,,True
bj920237,2025-04-29,2025-04,RANGE,deep_pullback,24.16121343838609,23.14846796492081,21.41887782129183,initial_stop,-0.041916167664670434,,0.0,False,开盘高开38.6% (>3%)，远离支撑，放弃当日入场,,0,True,开盘高开38.6% (>3%)，远离支撑，放弃当日入场,False,,False,,,,True
bj920378,2025-04-28,2025-04,UP,deep_pullback,13.480855736760343,13.951460155207249,12.6413170627685,initial_stop,0.03490909090909078,13.480855736760343,0.03490909090909078,False,"当日未触及支撑区 (support=12.64, tol=1.5%, day_low=12.00)",,0,False,,True,60m收盘跌破支撑0.5%且未收回 (support=12.64),False,,,,True
bj920981,2025-04-23,2025-04,UP,deep_pullback,38.08456505199087,35.71361907177277,37.42129789500381,dynamic_stop,-0.062254773737902,38.0,-0.06016791916387454,True,pinbar反转，入场价 38.00 < 38.08 (改善0.22%),pinbar,4,False,,False,,False,,,,True
bj920533,2025-04-23,2025-04,RANGE,deep_pullback,38.84094616639477,39.43849918433931,38.899424645501306,dynamic_stop,0.01538461538461533,,0.0,False,开盘高开30.3% (>3%)，远离支撑，放弃当日入场,,0,True,开盘高开30.3% (>3%)，远离支撑，放弃当日入场,False,,False,,,,True
bj920163,2025-04-24,2025-04,UP,shallow_pullback,19.51296214771041,18.550020613353944,19.017208798445264,dynamic_stop,-0.04934881373043898,,0.0,False,开盘高开5.2% (>3%)，远离支撑，放弃当日入场,,0,True,开盘高开5.2% (>3%)，远离支撑，放弃当日入场,False,,False,,,,True
bj920953,2025-04-25,2025-04,RANGE,deep_pullback,36.56463115112704,38.17467049554723,34.10374180662339,initial_tp,0.04403269754768391,,0.0,False,开盘高开40.4% (>3%)，远离支撑，放弃当日入场,,0,True,开盘高开40.4% (>3%)，远离支撑，放弃当日入场,False,,False,,,,True
bj920642,2025-04-27,2025-04,UP,deep_pullback,16.753997809419495,17.35235487404162,13.793127601314348,initial_tp,0.03571428571428581,16.753997809419495,0.03571428571428581,False,60分钟数据为空,,0,False,,False,,False,,,,False
bj920057,2025-04-27,2025-04,RANGE,deep_pullback,6.93,6.71,6.08,initial_stop,-0.031746031746031744,6.93,-0.031746031746031744,False,60分钟数据为空,,0,False,,False,,False,,,,False
bj920261,2025-04-25,2025-04,UP,deep_pullback,13.989802537532915,14.313817037721009,12.847842021134708,initial_stop,0.023160762942779467,,0.0,False,开盘高开9.0% (>3%)，远离支撑，放弃当日入场,,0,True,开盘高开9.0% (>3%)，远离支撑，放弃当日入场,False,,False,,,,True
bj920260,2025-04-27,2025-04,UP,deep_pullback,12.814650207722678,13.662536838008087,12.863789091977855,initial_stop,0.06616541353383454,12.814650207722678,0.06616541353383454,False,60分钟数据为空,,0,False,,False,,False,,,,False
bj920799,2025-04-28,2025-04,RANGE,deep_pullback,63.51327969114429,59.5313179887363,56.76226974518368,initial_stop,-0.06269494697442313,,0.0,False,开盘高开3.9% (>3%)，远离支撑，放弃当日入场,,0,True,开盘高开3.9% (>3%)，远离支撑，放弃当日入场,False,,False,,,,True
bj920792,2025-04-24,2025-04,UP,deep_pullback,12.459698811926662,12.086300898004572,12.336379237723444,dynamic_stop,-0.029968454258674893,12.459698811926662,-0.029968454258674893,False,"当日未触及支撑区 (support=12.34, tol=1.5%, day_low=11.83)",,0,False,,False,,False,,,,True
sh600865,2025-04-29,2025-04,RANGE,deep_pullback,12.739657394212117,9.071734480097156,8.936088893540699,dynamic_stop,-0.28791377983063904,12.739657394212117,-0.28791377983063904,False,触及支撑后未出现有效反转形态,,5,False,,False,,False,,,,True
bj920026,2025-04-28,2025-04,RANGE,deep_pullback,18.83511628661221,23.13887696391964,18.629883487483216,initial_stop,0.2284966342557968,,0.0,False,开盘高开34.9% (>3%)，远离支撑，放弃当日入场,,0,True,开盘高开34.9% (>3%)，远离支撑，放弃当日入场,False,,False,,,,True
bj920163,2025-04-24,2025-04,UP,shallow_pullback,19.70011322333207,18.550020613353944,18.956433949151283,dynamic_stop,-0.0583800000000001,,0.0,False,开盘高开5.5% (>3%)，远离支撑，放弃当日入场,,0,True,开盘高开5.5% (>3%)，远离支撑，放弃当日入场,False,,False,,,,True
bj920779,2025-04-28,2025-04,UP,deep_pullback,46.21517792954708,44.29846423436376,41.93925836976025,initial_stop,-0.04147368421052622,,0.0,False,开盘高开7.3% (>3%)，远离支撑，放弃当日入场,,0,True,开盘高开7.3% (>3%)，远离支撑，放弃当日入场,False,,False,,,,True
bj920720,2025-04-28,2025-04,RANGE,deep_pullback,15.23844030188889,14.891145615938864,14.018420058184171,dynamic_stop,-0.022790697674418547,,0.0,False,开盘高开39.8% (>3%)，远离支撑，放弃当日入场,,0,True,开盘高开39.8% (>3%)，远离支撑，放弃当日入场,False,,False,,,,True
bj920792,2025-04-27,2025-04,UP,deep_pullback,11.624466636048298,12.096127158897255,10.72798410060552,initial_stop,0.040574809805578926,11.624466636048298,0.040574809805578926,False,60分钟数据为空,,0,False,,False,,False,,,,False
bj920221,2025-04-27,2025-04,UP,deep_pullback,16.360153256704983,17.431743295019157,14.91923275862069,dynamic_stop,0.06549999999999989,16.360153256704983,0.06549999999999989,False,60分钟数据为空,,0,False,,False,,False,,,,False
bj920579,2025-04-27,2025-04,UP,deep_pullback,29.967882235579047,29.720582106094074,26.88618501235367,initial_stop,-0.008252172360426857,29.967882235579047,-0.008252172360426857,False,60分钟数据为空,,0,False,,False,,False,,,,False
bj920950,2025-04-27,2025-04,UP,deep_pullback,18.29922935998129,18.155455406039927,16.408069369526654,initial_stop,-0.007856831078131843,18.29922935998129,-0.007856831078131843,False,60分钟数据为空,,0,False,,False,,False,,,,False
bj920876,2025-04-25,2025-04,RANGE,deep_pullback,26.929133858267715,25.11391076115485,25.408635170603677,dynamic_stop,-0.06740740740740747,26.929133858267715,-0.06740740740740747,False,触及支撑后未出现有效反转形态,,2,False,,False,,False,,,,True
bj920245,2025-04-29,2025-04,RANGE,deep_pullback,24.44162120740005,24.892417679236825,23.661778529596795,initial_stop,0.018443804034582234,,0.0,False,开盘高开28.1% (>3%)，远离支撑，放弃当日入场,,0,True,开盘高开28.1% (>3%)，远离支撑，放弃当日入场,False,,False,,,,True
bj920533,2025-04-27,2025-04,RANGE,deep_pullback,41.33841134395783,42.09684402057974,36.60510195758563,initial_stop,0.018346923647146074,41.33841134395783,0.018346923647146074,False,60分钟数据为空,,0,False,,False,,False,,,,False
bj920799,2025-04-28,2025-04,RANGE,deep_pullback,60.08601912141004,59.5313179887363,56.82665469808331,initial_stop,-0.009231783712495778,,0.0,False,开盘高开3.8% (>3%)，远离支撑，放弃当日入场,,0,True,开盘高开3.8% (>3%)，远离支撑，放弃当日入场,False,,False,,,,True
bj920706,2025-04-25,2025-04,UP,deep_pullback,19.06018490280199,17.101057538179617,17.555433463107097,initial_stop,-0.10278637770897836,,0.0,False,开盘高开4.0% (>3%)，远离支撑，放弃当日入场,,0,True,开盘高开4.0% (>3%)，远离支撑，放弃当日入场,False,,False,,,,True
bj920261,2025-04-25,2025-04,UP,deep_pullback,13.865914640402176,14.313817037721009,12.847842021134708,initial_stop,0.03230240549828167,,0.0,False,开盘高开9.0% (>3%)，远离支撑，放弃当日入场,,0,True,开盘高开9.0% (>3%)，远离支撑，放弃当日入场,False,,False,,,,True
bj920961,2025-04-24,2025-04,RANGE,shallow_pullback,20.06991899921228,26.01569475433871,18.590820750386957,initial_tp,0.2962531017369723,,0.0,False,开盘高开8.4% (>3%)，远离支撑，放弃当日入场,,0,True,开盘高开8.4% (>3%)，远离支撑，放弃当日入场,False,,False,,,,True
bj920792,2025-04-27,2025-04,UP,deep_pullback,12.449872551033977,12.096127158897255,10.78857937611042,initial_stop,-0.028413575374901523,12.449872551033977,-0.028413575374901523,False,60分钟数据为空,,0,False,,False,,False,,,,False
bj920346,2025-04-25,2025-04,RANGE,deep_pullback,27.55779219819353,25.725742270981733,27.15989982218975,dynamic_stop,-0.06648028673835094,27.55779219819353,-0.06648028673835094,False,反转engulf出现但价格未优于原价 (opt=27.97 vs orig=27.56),engulf,2,False,,False,,False,,,,True
bj920252,2025-04-28,2025-04,RANGE,deep_pullback,16.64769562268928,18.33038734531756,16.35845186800081,initial_stop,0.10107655502392343,16.64769562268928,0.10107655502392343,False,触及支撑后未出现有效反转形态,,2,False,,True,60m收盘跌破支撑0.5%且未收回 (support=16.36),False,,,,True
bj920720,2025-04-28,2025-04,RANGE,deep_pullback,14.331221530427596,14.891145615938864,14.053503909111775,dynamic_stop,0.03907022749752742,,0.0,False,开盘高开39.5% (>3%)，远离支撑，放弃当日入场,,0,True,开盘高开39.5% (>3%)，远离支撑，放弃当日入场,False,,False,,,,True
bj920263,2025-04-27,2025-04,UP,deep_pullback,13.75,14.13,12.5615,initial_stop,0.02763636363636368,13.75,0.02763636363636368,False,60分钟数据为空,,0,False,,False,,False,,,,False
bj920469,2025-04-26,2025-04,RANGE,deep_pullback,14.947771587743732,15.28658774373259,13.935973537604458,initial_stop,0.022666666666666613,,0.0,False,开盘高开7.6% (>3%)，远离支撑，放弃当日入场,,0,True,开盘高开7.6% (>3%)，远离支撑，放弃当日入场,False,,False,,,,True
bj920856,2025-04-28,2025-04,UP,deep_pullback,23.717298246446617,23.88677123128396,22.499322663313,dynamic_stop,0.0071455434373826066,,0.0,False,开盘高开18.2% (>3%)，远离支撑，放弃当日入场,,0,True,开盘高开18.2% (>3%)，远离支撑，放弃当日入场,False,,False,,,,True
bj920953,2025-04-27,2025-04,RANGE,deep_pullback,35.582552696698166,36.83505855162194,34.11939812980994,initial_tp,0.0351999999999999,35.582552696698166,0.0351999999999999,False,60分钟数据为空,,0,False,,False,,False,,,,False
bj920706,2025-04-27,2025-04,UP,deep_pullback,18.588106019760453,22.118862665841935,17.7204971558928,initial_tp,0.18994708994708986,18.588106019760453,0.18994708994708986,False,60分钟数据为空,,0,False,,False,,False,,,,False
bj920198,2025-05-01,2025-05,RANGE,deep_pullback,12.23,13.766666666666667,12.4605,initial_tp,0.12564731534478057,12.23,0.12564731534478057,False,"当日未触及支撑区 (support=12.46, tol=1.5%, day_low=11.07)",,0,False,,True,60m收盘跌破支撑0.5%且未收回 (support=12.46),False,,,,True
bj920110,2025-04-27,2025-04,RANGE,deep_pullback,37.31634652858038,38.03396857720693,34.73944548774564,initial_stop,0.019230769230769162,37.31634652858038,0.019230769230769162,False,60分钟数据为空,,0,False,,False,,False,,,,False
bj920392,2025-04-29,2025-04,RANGE,deep_pullback,17.857424626655398,18.24829529444914,17.31725669202592,initial_stop,0.02188841201716718,,0.0,False,开盘高开29.4% (>3%)，远离支撑，放弃当日入场,,0,True,开盘高开29.4% (>3%)，远离支撑，放弃当日入场,False,,False,,,,True
bj920208,2025-04-28,2025-04,RANGE,deep_pullback,26.449532495401595,25.6640404659718,24.927902360515027,dynamic_stop,-0.029697766097240286,,0.0,False,开盘高开52.6% (>3%)，远离支撑，放弃当日入场,,0,True,开盘高开52.6% (>3%)，远离支撑，放弃当日入场,False,,False,,,,True
bj920163,2025-04-29,2025-04,UP,deep_pullback,15.169087181965692,18.956433949151283,14.75981732975097,initial_tp,0.24967532467532472,,0.0,False,开盘高开4.3% (>3%)，远离支撑，放弃当日入场,,0,True,开盘高开4.3% (>3%)，远离支撑，放弃当日入场,False,,False,,,,True
bj920146,2025-04-29,2025-04,RANGE,deep_pullback,8.56,11.04,8.57,initial_tp,0.2897196261682242,8.56,0.2897196261682242,False,"当日未触及支撑区 (support=8.57, tol=1.5%, day_low=8.30)",,0,False,,False,,False,,,,True
bj920926,2025-04-29,2025-04,RANGE,deep_pullback,15.791404063610516,18.84908582278405,15.335895520157877,initial_tp,0.19362950544844915,,0.0,False,开盘高开55.6% (>3%)，远离支撑，放弃当日入场,,0,True,开盘高开55.6% (>3%)，远离支撑，放弃当日入场,False,,False,,,,True
bj920508,2025-05-01,2025-05,RANGE,deep_pullback,28.152226093689507,28.500193573364303,27.762833914053424,initial_stop,0.012360211889346662,,0.0,False,开盘高开17.4% (>3%)，远离支撑，放弃当日入场,,0,True,开盘高开17.4% (>3%)，远离支撑，放弃当日入场,False,,False,,,,True
bj920706,2025-04-30,2025-04,UP,shallow_pullback,18.283221741129463,22.118862665841935,17.96981381599911,initial_tp,0.20979020979020957,,0.0,False,开盘高开3.5% (>3%)，远离支撑，放弃当日入场,,0,True,开盘高开3.5% (>3%)，远离支撑，放弃当日入场,False,,False,,,,True
bj920533,2025-05-07,2025-05,RANGE,deep_pullback,41.96660810641234,40.83278955954322,40.23549190613628,dynamic_stop,-0.027017159547280012,,0.0,False,开盘高开41.4% (>3%)，远离支撑，放弃当日入场,,0,True,开盘高开41.4% (>3%)，远离支撑，放弃当日入场,False,,False,,,,True
bj920346,2025-05-01,2025-05,RANGE,deep_pullback,27.63681095718477,27.86122423271988,27.14640078419541,initial_stop,0.008120085775553898,27.6200008392334,0.008733649028128676,True,pinbar反转，入场价 27.62 < 27.64 (改善0.06%),pinbar,5,False,,False,,False,,,,True
bj920249,2025-05-01,2025-05,UP,deep_pullback,15.35,15.4,14.762333333333334,dynamic_stop,0.0032573289902280145,15.35,0.0032573289902280145,False,触及支撑后未出现有效反转形态,,4,False,,False,,False,,,,True
bj920976,2025-05-07,2025-05,RANGE,shallow_pullback,26.81437305600978,26.679675810662044,25.674706077277136,initial_stop,-0.005023322569070787,,0.0,False,开盘高开12.9% (>3%)，远离支撑，放弃当日入场,,0,True,开盘高开12.9% (>3%)，远离支撑，放弃当日入场,False,,False,,,,True
bj920425,2025-05-08,2025-05,UP,deep_pullback,23.56718968898852,26.848697114037545,22.498924068366488,initial_tp,0.13924050632911356,,0.0,False,开盘高开40.5% (>3%)，远离支撑，放弃当日入场,,0,True,开盘高开40.5% (>3%)，远离支撑，放弃当日入场,False,,False,,,,True
bj920976,2025-05-12,2025-05,RANGE,shallow_pullback,27.882329786981103,26.679675810662044,25.71760073576585,initial_stop,-0.04313319530710824,,0.0,False,开盘高开8.9% (>3%)，远离支撑，放弃当日入场,,0,True,开盘高开8.9% (>3%)，远离支撑，放弃当日入场,False,,False,,,,True
bj920247,2025-05-10,2025-05,UP,deep_pullback,18.967921336984936,20.92688257740666,17.45613359992244,initial_tp,0.10327759197324426,,0.0,False,开盘高开71.3% (>3%)，远离支撑，放弃当日入场,,0,True,开盘高开71.3% (>3%)，远离支撑，放弃当日入场,False,,False,,,,True
bj920510,2025-05-15,2025-05,RANGE,deep_pullback,26.34,24.96,23.12,dynamic_stop,-0.05239179954441908,,0.0,False,开盘高开4.1% (>3%)，远离支撑，放弃当日入场,,0,True,开盘高开4.1% (>3%)，远离支撑，放弃当日入场,False,,False,,,,True
bj920008,2025-05-15,2025-05,UP,deep_pullback,46.0,42.19,41.4065,initial_stop,-0.08282608695652183,42.619998931884766,-0.01008913521025634,True,engulf反转，入场价 42.62 < 46.00 (改善7.35%),engulf,1,False,,False,,False,,,,True
bj920363,2025-05-15,2025-05,RANGE,shallow_pullback,16.564238681027007,14.647610297245334,14.589476800571694,dynamic_stop,-0.11570881226053664,,0.0,False,开盘高开57.2% (>3%)，远离支撑，放弃当日入场,,0,True,开盘高开57.2% (>3%)，远离支撑，放弃当日入场,False,,False,,,,True
bj920284,2025-05-16,2025-05,UP,deep_pullback,27.98,33.088,25.9608,initial_tp,0.18255897069335236,27.98,0.18255897069335236,False,触及支撑后未出现有效反转形态,,3,False,,False,,False,,,,True
bj920363,2025-05-15,2025-05,RANGE,shallow_pullback,15.694774811563136,14.647610297245334,14.589476800571694,dynamic_stop,-0.06672058228871824,,0.0,False,开盘高开57.2% (>3%)，远离支撑，放弃当日入场,,0,True,开盘高开57.2% (>3%)，远离支撑，放弃当日入场,False,,False,,,,True
bj920770,2025-05-14,2025-05,RANGE,deep_pullback,18.998731496238307,18.402536993218277,18.96113812063121,dynamic_stop,-0.03138075313807531,18.998731496238307,-0.03138075313807531,False,反转pinbar出现但价格未优于原价 (opt=19.58 vs orig=19.00),pinbar,3,False,,False,,False,,,,True
bj920876,2025-05-15,2025-05,UP,deep_pullback,37.78057742782152,40.892388451443566,38.115695538057736,dynamic_stop,0.08236536430834218,37.78057742782152,0.08236536430834218,False,"当日未触及支撑区 (support=38.12, tol=1.5%, day_low=37.28)",,0,False,,False,,False,,,,True
bj920425,2025-05-20,2025-05,UP,deep_pullback,25.20084057158868,22.6438217988232,22.57812062202297,initial_stop,-0.10146561443066515,,0.0,False,开盘高开53.5% (>3%)，远离支撑，放弃当日入场,,0,True,开盘高开53.5% (>3%)，远离支撑，放弃当日入场,False,,False,,,,True
bj920163,2025-05-22,2025-05,UP,deep_pullback,19.97591480845872,18.16350439191217,16.453534564126944,initial_stop,-0.09072978303747536,,0.0,False,开盘高开8.7% (>3%)，远离支撑，放弃当日入场,,0,True,开盘高开8.7% (>3%)，远离支撑，放弃当日入场,False,,False,,,,True
bj920247,2025-05-16,2025-05,RANGE,deep_pullback,17.54056939691082,18.41601192015628,17.488233159108102,dynamic_stop,0.04990958408679935,,0.0,False,开盘高开59.2% (>3%)，远离支撑，放弃当日入场,,0,True,开盘高开59.2% (>3%)，远离支撑，放弃当日入场,False,,False,,,,True
bj920171,2025-05-16,2025-05,RANGE,deep_pullback,32.3,30.0,29.261833333333332,dynamic_stop,-0.07120743034055721,30.1299991607666,-0.004314608841273326,True,engulf反转，入场价 30.13 < 32.30 (改善6.72%),engulf,3,False,,False,,False,,,,True
bj920876,2025-05-22,2025-05,UP,deep_pullback,39.74540682414698,31.965879265091857,32.23517060367454,dynamic_stop,-0.19573400250941042,,0.0,False,开盘高开6.0% (>3%)，远离支撑，放弃当日入场,,0,True,开盘高开6.0% (>3%)，远离支撑，放弃当日入场,False,,False,,,,True
bj920706,2025-05-21,2025-05,UP,deep_pullback,21.83364834067101,20.260052063865896,19.61979507874081,dynamic_stop,-0.072072072072072,,0.0,False,开盘高开9.1% (>3%)，远离支撑，放弃当日入场,,0,True,开盘高开9.1% (>3%)，远离支撑，放弃当日入场,False,,False,,,,True
bj920876,2025-05-22,2025-05,UP,deep_pullback,40.892388451443566,31.965879265091857,32.12271653543307,dynamic_stop,-0.21829268292682935,,0.0,False,开盘高开6.3% (>3%)，远离支撑，放弃当日入场,,0,True,开盘高开6.3% (>3%)，远离支撑，放弃当日入场,False,,False,,,,True
bj920247,2025-05-17,2025-05,UP,deep_pullback,18.6570758033688,18.41601192015628,18.009058022575147,dynamic_stop,-0.012920775246515026,,0.0,False,开盘高开54.6% (>3%)，远离支撑，放弃当日入场,,0,True,开盘高开54.6% (>3%)，远离支撑，放弃当日入场,False,,False,,,,True
bj920010,2025-05-22,2025-05,UP,deep_pullback,15.51088520231129,13.701281928708308,13.628350939632057,dynamic_stop,-0.11666666666666647,,0.0,False,开盘高开4.5% (>3%)，远离支撑，放弃当日入场,,0,True,开盘高开4.5% (>3%)，远离支撑，放弃当日入场,False,,False,,,,True
bj920371,2025-05-25,2025-05,UP,deep_pullback,12.901038525963148,11.67142378559464,11.936683417085428,dynamic_stop,-0.09531129900076851,12.901038525963148,-0.09531129900076851,False,60分钟数据为空,,0,False,,False,,False,,,,False
bj920271,2025-05-27,2025-05,UP,deep_pullback,18.4508024691358,18.04712962962963,16.294830939019825,initial_stop,-0.02187833511205972,,0.0,False,开盘高开6.3% (>3%)，远离支撑，放弃当日入场,,0,True,开盘高开6.3% (>3%)，远离支撑，放弃当日入场,False,,False,,,,True
bj920873,2025-05-24,2025-05,UP,deep_pullback,6.8,6.43,5.843666666666667,dynamic_stop,-0.05441176470588238,,0.0,False,开盘高开3.9% (>3%)，远离支撑，放弃当日入场,,0,True,开盘高开3.9% (>3%)，远离支撑，放弃当日入场,False,,False,,,,True
bj920427,2025-05-24,2025-05,RANGE,deep_pullback,16.212385315588854,14.16,14.117708181509212,dynamic_stop,-0.12659366747318812,16.212385315588854,-0.12659366747318812,False,触及支撑后未出现有效反转形态,,2,False,,False,,False,,,,True
bj920857,2025-05-24,2025-05,RANGE,deep_pullback,20.76887706226716,18.699946780202232,18.10728445981905,dynamic_stop,-0.09961685823754785,,0.0,False,开盘高开5.5% (>3%)，远离支撑，放弃当日入场,,0,True,开盘高开5.5% (>3%)，远离支撑，放弃当日入场,False,,False,,,,True
bj920199,2025-05-28,2025-05,UP,deep_pullback,31.5,34.2208,27.686666666666667,initial_tp,0.0863746031746031,31.5,0.0863746031746031,False,"当日未触及支撑区 (support=27.69, tol=1.5%, day_low=26.50)",,0,False,,True,60m收盘跌破支撑0.5%且未收回 (support=27.69),False,,,,True
bj920284,2025-05-24,2025-05,UP,deep_pullback,26.66,30.08,26.0196,initial_tp,0.1282820705176293,,0.0,False,开盘高开4.5% (>3%)，远离支撑，放弃当日入场,,0,True,开盘高开4.5% (>3%)，远离支撑，放弃当日入场,False,,False,,,,True
bj920436,2025-05-21,2025-05,RANGE,deep_pullback,23.5,23.552000000000003,23.32,dynamic_stop,0.002212765957446905,23.5,0.002212765957446905,False,反转pinbar出现但价格未优于原价 (opt=27.20 vs orig=23.50),pinbar,3,False,,False,,False,,,,True
bj920284,2025-05-24,2025-05,UP,deep_pullback,29.79,32.7,26.0196,initial_tp,0.09768378650553888,,0.0,False,开盘高开4.5% (>3%)，远离支撑，放弃当日入场,,0,True,开盘高开4.5% (>3%)，远离支撑，放弃当日入场,False,,False,,,,True
bj920175,2025-05-24,2025-05,RANGE,deep_pullback,13.59,12.55,12.23,dynamic_stop,-0.07652685798381154,12.149999618530273,0.03292184312991053,True,pinbar反转，入场价 12.15 < 13.59 (改善10.60%),pinbar,4,False,,True,60m收盘跌破支撑0.5%且未收回 (support=12.23),False,,,,True
bj920436,2025-05-24,2025-05,RANGE,deep_pullback,22.8,28.872,23.32,initial_tp,0.26631578947368406,22.8,0.26631578947368406,False,触及支撑后未出现有效反转形态,,2,False,,True,60m收盘跌破支撑0.5%且未收回 (support=23.32),False,,,,True
bj920284,2025-05-24,2025-05,UP,deep_pullback,27.2,29.98,26.0196,initial_tp,0.10220588235294126,,0.0,False,开盘高开4.5% (>3%)，远离支撑，放弃当日入场,,0,True,开盘高开4.5% (>3%)，远离支撑，放弃当日入场,False,,False,,,,True
bj920931,2025-05-29,2025-05,UP,shallow_pullback,18.59314285714285,20.73682285714285,16.169571428571423,initial_tp,0.11529411764705877,,0.0,False,开盘高开7.6% (>3%)，远离支撑，放弃当日入场,,0,True,开盘高开7.6% (>3%)，远离支撑，放弃当日入场,False,,False,,,,True
bj920436,2025-06-03,2025-06,RANGE,shallow_pullback,24.06,21.38,21.28033333333333,dynamic_stop,-0.11138819617622608,,0.0,False,开盘高开6.4% (>3%)，远离支撑，放弃当日入场,,0,True,开盘高开6.4% (>3%)，远离支撑，放弃当日入场,False,,False,,,,True
bj920946,2025-06-03,2025-06,UP,shallow_pullback,13.447396383356466,12.198990432562407,11.775811072635577,dynamic_stop,-0.0928362573099416,,0.0,False,开盘高开8.7% (>3%)，远离支撑，放弃当日入场,,0,True,开盘高开8.7% (>3%)，远离支撑，放弃当日入场,False,,False,,,,True
bj920571,2025-05-31,2025-05,UP,deep_pullback,10.137804391217566,9.97940119760479,9.695760479041915,dynamic_stop,-0.01562500000000011,,0.0,False,开盘高开5.6% (>3%)，远离支撑，放弃当日入场,,0,True,开盘高开5.6% (>3%)，远离支撑，放弃当日入场,False,,False,,,,True
bj920436,2025-06-01,2025-06,UP,deep_pullback,25.55,21.83,22.1655,dynamic_stop,-0.14559686888454015,25.55,-0.14559686888454015,False,60分钟数据为空,,0,False,,False,,False,,,,False
bj920719,2025-06-12,2025-06,UP,deep_pullback,16.25,15.6216,16.2391,initial_stop,-0.038670769230769175,16.25,-0.038670769230769175,False,触及支撑后未出现有效反转形态,,1,False,,False,,False,,,,True
bj920075,2025-06-19,2025-06,UP,deep_pullback,43.87862246234154,34.412871245667056,33.34399704255921,dynamic_stop,-0.21572580645161288,,0.0,False,开盘高开9.5% (>3%)，远离支撑，放弃当日入场,,0,True,开盘高开9.5% (>3%)，远离支撑，放弃当日入场,False,,False,,,,True
bj920527,2025-06-18,2025-06,UP,deep_pullback,25.66615691489362,20.86727393617021,20.05990768600805,initial_stop,-0.18697318007662855,,0.0,False,开盘高开9.2% (>3%)，远离支撑，放弃当日入场,,0,True,开盘高开9.2% (>3%)，远离支撑，放弃当日入场,False,,False,,,,True
bj920527,2025-06-18,2025-06,UP,deep_pullback,22.81436170212766,20.86727393617021,19.864458977685523,initial_stop,-0.08534482758620698,,0.0,False,开盘高开10.2% (>3%)，远离支撑，放弃当日入场,,0,True,开盘高开10.2% (>3%)，远离支撑，放弃当日入场,False,,False,,,,True
bj920061,2025-06-21,2025-06,UP,deep_pullback,44.57475533133054,42.10170402883166,38.33563581330374,initial_stop,-0.05548098434004489,,0.0,False,开盘高开5.6% (>3%)，远离支撑，放弃当日入场,,0,True,开盘高开5.6% (>3%)，远离支撑，放弃当日入场,False,,False,,,,True
bj920075,2025-06-21,2025-06,UP,deep_pullback,41.18535576102399,34.412871245667056,33.138334314372,dynamic_stop,-0.16443914081145605,,0.0,False,开盘高开5.6% (>3%)，远离支撑，放弃当日入场,,0,True,开盘高开5.6% (>3%)，远离支撑，放弃当日入场,False,,False,,,,True
bj920781,2025-06-22,2025-06,UP,deep_pullback,13.73,13.65,12.6235,dynamic_stop,-0.0058266569555717185,13.73,-0.0058266569555717185,False,60分钟数据为空,,0,False,,False,,False,,,,False
bj920199,2025-06-21,2025-06,UP,deep_pullback,41.99,40.704,33.9124,initial_tp,-0.030626339604667763,,0.0,False,开盘高开10.7% (>3%)，远离支撑，放弃当日入场,,0,True,开盘高开10.7% (>3%)，远离支撑，放弃当日入场,False,,False,,,,True
bj920781,2025-06-22,2025-06,UP,deep_pullback,14.65,13.65,12.8085,dynamic_stop,-0.06825938566552903,14.65,-0.06825938566552903,False,60分钟数据为空,,0,False,,False,,False,,,,False
bj920204,2025-06-19,2025-06,UP,shallow_pullback,26.263733218843303,24.85728187670244,25.32310654108526,dynamic_stop,-0.05355108241549544,,0.0,False,开盘高开4.0% (>3%)，远离支撑，放弃当日入场,,0,True,开盘高开4.0% (>3%)，远离支撑，放弃当日入场,False,,False,,,,True
sh603398,2025-06-23,2025-06,RANGE,deep_pullback,5.0,6.0,4.993,dynamic_stop,0.19999999999999996,5.0,0.19999999999999996,False,"当日未触及支撑区 (support=4.99, tol=1.5%, day_low=4.59)",,0,False,,True,60m收盘跌破支撑0.5%且未收回 (support=4.99),False,,,,True
bj920204,2025-06-21,2025-06,UP,deep_pullback,26.173959728919417,23.46080536677533,25.193932463917005,dynamic_stop,-0.10365853658536595,,0.0,False,开盘高开4.2% (>3%)，远离支撑，放弃当日入场,,0,True,开盘高开4.2% (>3%)，远离支撑，放弃当日入场,False,,False,,,,True
bj920895,2025-06-23,2025-06,UP,deep_pullback,49.9,36.08,35.8545,dynamic_stop,-0.27695390781563123,,0.0,False,开盘高开39.2% (>3%)，远离支撑，放弃当日入场,,0,True,开盘高开39.2% (>3%)，远离支撑，放弃当日入场,False,,False,,,,True
bj920895,2025-06-25,2025-06,UP,deep_pullback,43.4,36.08,36.6815,dynamic_stop,-0.16866359447004609,43.4,-0.16866359447004609,False,触及支撑后未出现有效反转形态,,2,False,,False,,False,,,,True
bj920895,2025-06-25,2025-06,UP,deep_pullback,36.89,36.08,37.19,dynamic_stop,-0.02195716996476016,36.89,-0.02195716996476016,False,触及支撑后未出现有效反转形态,,3,False,,False,,False,,,,True
sh603398,2025-06-25,2025-06,RANGE,deep_pullback,4.8,6.0,4.87475,dynamic_stop,0.25,4.8,0.25,False,触及支撑后未出现有效反转形态,,1,False,,False,,False,,,,True
bj920199,2025-06-25,2025-06,UP,deep_pullback,35.3,43.212,33.933400000000006,initial_tp,0.22413597733711077,,0.0,False,开盘高开4.0% (>3%)，远离支撑，放弃当日入场,,0,True,开盘高开4.0% (>3%)，远离支撑，放弃当日入场,False,,False,,,,True
bj920305,2025-06-26,2025-06,RANGE,deep_pullback,10.6,11.67,10.8645,initial_stop,0.10094339622641502,10.6,0.10094339622641502,False,"当日未触及支撑区 (support=10.86, tol=1.5%, day_low=10.31)",,0,False,,False,,False,,,,True
bj920088,2025-07-03,2025-07,UP,deep_pullback,41.11,40.25,39.40334921071377,dynamic_stop,-0.020919484310386705,,0.0,False,开盘高开14.8% (>3%)，远离支撑，放弃当日入场,,0,True,开盘高开14.8% (>3%)，远离支撑，放弃当日入场,False,,False,,,,True
bj920748,2025-07-02,2025-07,UP,deep_pullback,72.43256717384267,66.89155066364519,68.23337520233085,dynamic_stop,-0.07649896623018615,72.43256717384267,-0.07649896623018615,False,"当日未触及支撑区 (support=68.23, tol=1.5%, day_low=66.05)",,0,False,,True,60m收盘跌破支撑0.5%且未收回 (support=68.23),False,,,,True
bj920943,2025-07-03,2025-07,UP,deep_pullback,28.54,26.64,26.056638925438595,dynamic_stop,-0.06657323055360898,,0.0,False,开盘高开4.0% (>3%)，远离支撑，放弃当日入场,,0,True,开盘高开4.0% (>3%)，远离支撑，放弃当日入场,False,,False,,,,True
bj920088,2025-07-01,2025-07,UP,deep_pullback,41.51,40.01,40.803449507796856,dynamic_stop,-0.03613587087448811,41.51,-0.03613587087448811,False,触及支撑后未出现有效反转形态,,4,False,,False,,False,,,,True
sh605151,2025-07-05,2025-07,UP,deep_pullback,22.62397727144544,19.21,18.539009468646576,initial_stop,-0.15090084428940553,,0.0,False,开盘高开4.0% (>3%)，远离支撑，放弃当日入场,,0,True,开盘高开4.0% (>3%)，远离支撑，放弃当日入场,False,,False,,,,True
bj920088,2025-07-05,2025-07,UP,deep_pullback,45.24,40.25,39.72725611040792,dynamic_stop,-0.1103006189213086,,0.0,False,开盘高开7.2% (>3%)，远离支撑，放弃当日入场,,0,True,开盘高开7.2% (>3%)，远离支撑，放弃当日入场,False,,False,,,,True
bj920305,2025-07-06,2025-07,RANGE,deep_pullback,14.58,16.3,15.9135,dynamic_stop,0.11796982167352543,14.58,0.11796982167352543,False,60分钟数据为空,,0,False,,False,,False,,,,False
bj920299,2025-07-11,2025-07,UP,deep_pullback,23.989988981799183,21.894836798372182,21.756454092672307,dynamic_stop,-0.08733443708609279,23.989988981799183,-0.08733443708609279,False,触及支撑后未出现有效反转形态,,5,False,,False,,False,,,,True
bj920914,2025-07-11,2025-07,UP,deep_pullback,30.89,29.67,28.58929808177688,dynamic_stop,-0.03949498219488501,29.079999923706055,0.02028886099868865,True,pinbar反转，入场价 29.08 < 30.89 (改善5.86%),pinbar,4,False,,False,,False,,,,True
bj920892,2025-07-30,2025-07,UP,deep_pullback,20.911286681715573,17.71252821670429,17.508667042889392,initial_stop,-0.15296803652968027,,0.0,False,开盘高开13.6% (>3%)，远离支撑，放弃当日入场,,0,True,开盘高开13.6% (>3%)，远离支撑，放弃当日入场,False,,False,,,,True
bj920082,2025-07-30,2025-07,UP,shallow_pullback,19.735509999929217,15.506472142801528,15.219602408159698,dynamic_stop,-0.2142857142857143,,0.0,False,开盘高开53.2% (>3%)，远离支撑，放弃当日入场,,0,True,开盘高开53.2% (>3%)，远离支撑，放弃当日入场,False,,False,,,,True
bj920682,2025-07-27,2025-07,RANGE,deep_pullback,10.280602319491209,8.521006359895251,8.52630144032922,dynamic_stop,-0.1711568938193342,10.280602319491209,-0.1711568938193342,False,60分钟数据为空,,0,False,,False,,False,,,,False
sz300897,2025-07-30,2025-07,UP,shallow_pullback,19.61248568155785,21.195172639502537,18.480983611027312,initial_stop,0.08069792802617215,,0.0,False,开盘高开49.0% (>3%)，远离支撑，放弃当日入场,,0,True,开盘高开49.0% (>3%)，远离支撑，放弃当日入场,False,,False,,,,True
bj920892,2025-07-26,2025-07,UP,shallow_pullback,19.54584650112867,18.896546275395032,17.88917607223476,dynamic_stop,-0.03321934538348814,,0.0,False,开盘高开14.4% (>3%)，远离支撑，放弃当日入场,,0,True,开盘高开14.4% (>3%)，远离支撑，放弃当日入场,False,,False,,,,True
bj920305,2025-08-07,2025-08,UP,shallow_pullback,16.87,17.34,15.4445,initial_stop,0.027860106698280873,,0.0,False,开盘高开9.4% (>3%)，远离支撑，放弃当日入场,,0,True,开盘高开9.4% (>3%)，远离支撑，放弃当日入场,False,,False,,,,True
bj920786,2025-08-03,2025-08,UP,deep_pullback,12.24,10.86,10.53525,initial_stop,-0.11274509803921573,12.24,-0.11274509803921573,False,60分钟数据为空,,0,False,,False,,False,,,,False
bj920305,2025-08-08,2025-08,UP,deep_pullback,18.63,16.36,15.7785,dynamic_stop,-0.12184648416532473,,0.0,False,开盘高开4.5% (>3%)，远离支撑，放弃当日入场,,0,True,开盘高开4.5% (>3%)，远离支撑，放弃当日入场,False,,False,,,,True
bj920885,2025-08-08,2025-08,UP,shallow_pullback,26.5,24.6,24.333,dynamic_stop,-0.07169811320754715,26.5,-0.07169811320754715,False,触及支撑后未出现有效反转形态,,1,False,,False,,False,,,,True
sz300289,2025-08-07,2025-08,UP,deep_pullback,9.78,10.8,9.4406,initial_stop,0.10429447852760743,9.78,0.10429447852760743,False,"当日未触及支撑区 (support=9.44, tol=1.5%, day_low=7.98)",,0,False,,False,,False,,,,True
bj920885,2025-08-08,2025-08,UP,shallow_pullback,25.59,24.6,24.333,dynamic_stop,-0.0386869871043376,25.59,-0.0386869871043376,False,触及支撑后未出现有效反转形态,,1,False,,False,,False,,,,True
bj920663,2025-08-11,2025-08,UP,deep_pullback,26.694512414528194,24.431282014166023,23.2411516690183,initial_stop,-0.08478260869565213,,0.0,False,开盘高开8.8% (>3%)，远离支撑，放弃当日入场,,0,True,开盘高开8.8% (>3%)，远离支撑，放弃当日入场,False,,False,,,,True
bj920706,2025-08-08,2025-08,UP,deep_pullback,25.36859060402685,28.348456375838925,24.83668456375839,initial_stop,0.11746280344557536,25.36859060402685,0.11746280344557536,False,"当日未触及支撑区 (support=24.84, tol=1.5%, day_low=25.25)",,0,False,,False,,False,,,,True
bj920879,2025-08-14,2025-08,UP,deep_pullback,24.28204139680778,24.002370188307964,23.92217035645875,dynamic_stop,-0.011517615176151685,,0.0,False,开盘高开16.4% (>3%)，远离支撑，放弃当日入场,,0,True,开盘高开16.4% (>3%)，远离支撑，放弃当日入场,False,,False,,,,True
sh603221,2025-08-26,2025-08,UP,deep_pullback,16.94,13.22,12.0005,dynamic_stop,-0.21959858323494685,,0.0,False,开盘高开4.0% (>3%)，远离支撑，放弃当日入场,,0,True,开盘高开4.0% (>3%)，远离支撑，放弃当日入场,False,,False,,,,True
bj920223,2025-08-26,2025-08,UP,deep_pullback,14.27,18.684,14.0634,initial_tp,0.30932025227750537,14.27,0.30932025227750537,False,反转pinbar出现但价格未优于原价 (opt=17.79 vs orig=14.27),pinbar,1,False,,False,,False,,,,True
sh688585,2025-09-10,2025-09,UP,deep_pullback,89.0,99.24,84.6275,initial_stop,0.11505617977528093,89.0,0.11505617977528093,False,"当日未触及支撑区 (support=84.63, tol=1.5%, day_low=74.11)",,0,False,,True,60m收盘跌破支撑0.5%且未收回 (support=84.63),False,,,,True
bj920237,2025-09-11,2025-09,RANGE,deep_pullback,28.94172494172493,27.060512820512816,26.89228904428904,initial_stop,-0.06499999999999984,,0.0,False,开盘高开6.0% (>3%)，远离支撑，放弃当日入场,,0,True,开盘高开6.0% (>3%)，远离支撑，放弃当日入场,False,,False,,,,True
bj920839,2025-09-09,2025-09,UP,deep_pullback,41.44,39.84,39.709,initial_stop,-0.03861003861003842,,0.0,False,开盘高开4.4% (>3%)，远离支撑，放弃当日入场,,0,True,开盘高开4.4% (>3%)，远离支撑，放弃当日入场,False,,False,,,,True
bj920223,2025-09-18,2025-09,UP,deep_pullback,21.75,19.11,18.868,dynamic_stop,-0.12137931034482763,,0.0,False,开盘高开9.7% (>3%)，远离支撑，放弃当日入场,,0,True,开盘高开9.7% (>3%)，远离支撑，放弃当日入场,False,,False,,,,True
bj920906,2025-09-14,2025-09,UP,deep_pullback,33.856247033189426,33.55751544172011,32.49024704259739,dynamic_stop,-0.008823529411764564,33.856247033189426,-0.008823529411764564,False,60分钟数据为空,,0,False,,False,,False,,,,False
bj920580,2025-09-20,2025-09,UP,deep_pullback,19.209051532712422,16.354055266586858,16.645523526508388,dynamic_stop,-0.14862765406525114,,0.0,False,开盘高开8.9% (>3%)，远离支撑，放弃当日入场,,0,True,开盘高开8.9% (>3%)，远离支撑，放弃当日入场,False,,False,,,,True
bj920906,2025-09-22,2025-09,UP,deep_pullback,34.15497862465874,29.47485035830609,30.08027971701724,dynamic_stop,-0.13702623906705524,,0.0,False,开盘高开4.0% (>3%)，远离支撑，放弃当日入场,,0,True,开盘高开4.0% (>3%)，远离支撑，放弃当日入场,False,,False,,,,True
bj920834,2025-09-25,2025-09,UP,shallow_pullback,25.508301280660724,16.066305452773076,15.538970378220958,dynamic_stop,-0.3701538461538463,,0.0,False,开盘高开9.3% (>3%)，远离支撑，放弃当日入场,,0,True,开盘高开9.3% (>3%)，远离支撑，放弃当日入场,False,,False,,,,True
bj920834,2025-09-25,2025-09,UP,deep_pullback,17.836189126246612,16.066305452773076,15.760696381660546,dynamic_stop,-0.09922992299229927,,0.0,False,开盘高开7.8% (>3%)，远离支撑，放弃当日入场,,0,True,开盘高开7.8% (>3%)，远离支撑，放弃当日入场,False,,False,,,,True
bj920834,2025-09-27,2025-09,UP,deep_pullback,17.207573935639992,16.066305452773076,15.91914217615388,dynamic_stop,-0.06632361349342475,,0.0,False,开盘高开4.9% (>3%)，远离支撑，放弃当日入场,,0,True,开盘高开4.9% (>3%)，远离支撑，放弃当日入场,False,,False,,,,True
bj920834,2025-09-27,2025-09,UP,deep_pullback,17.05015759317559,16.066305452773076,16.072627255501082,dynamic_stop,-0.05770340450086553,,0.0,False,开盘高开3.9% (>3%)，远离支撑，放弃当日入场,,0,True,开盘高开3.9% (>3%)，远离支撑，放弃当日入场,False,,False,,,,True
bj920145,2025-10-01,2025-10,UP,deep_pullback,31.01,27.149200000000004,23.9925,initial_stop,-0.12450177362141235,,0.0,False,开盘高开13.8% (>3%)，远离支撑，放弃当日入场,,0,True,开盘高开13.8% (>3%)，远离支撑，放弃当日入场,False,,False,,,,True
bj920505,2025-10-18,2025-10,RANGE,deep_pullback,65.826224328594,55.21423907319642,54.06178146392838,dynamic_stop,-0.16121212121212125,,0.0,False,开盘高开7.3% (>3%)，远离支撑，放弃当日入场,,0,True,开盘高开7.3% (>3%)，远离支撑，放弃当日入场,False,,False,,,,True
sz002370,2025-10-19,2025-10,RANGE,deep_pullback,7.55,7.21,6.907500000000001,initial_stop,-0.04503311258278142,7.55,-0.04503311258278142,False,60分钟数据为空,,0,False,,False,,False,,,,False
sh600408,2025-10-23,2025-10,UP,deep_pullback,3.2,2.8428,3.1205,dynamic_stop,-0.11162500000000009,3.2,-0.11162500000000009,False,"当日未触及支撑区 (support=3.12, tol=1.5%, day_low=2.77)",,0,False,,False,,False,,,,True
bj920694,2025-10-27,2025-10,RANGE,deep_pullback,25.45827174530984,20.84826037521319,20.965722285389425,dynamic_stop,-0.18108108108108123,,0.0,False,开盘高开3.5% (>3%)，远离支撑，放弃当日入场,,0,True,开盘高开3.5% (>3%)，远离支撑，放弃当日入场,False,,False,,,,True
bj920748,2025-10-29,2025-10,RANGE,deep_pullback,59.77,57.776,55.107000000000006,initial_stop,-0.03336121800234226,,0.0,False,开盘高开8.5% (>3%)，远离支撑，放弃当日入场,,0,True,开盘高开8.5% (>3%)，远离支撑，放弃当日入场,False,,False,,,,True
bj920748,2025-10-31,2025-10,RANGE,deep_pullback,62.8,55.338,56.7668,initial_stop,-0.1188216560509554,62.8,-0.1188216560509554,False,触及支撑后未出现有效反转形态,,1,False,,False,,False,,,,True
bj920748,2025-11-02,2025-11,RANGE,deep_pullback,58.0,55.78,55.001666666666665,dynamic_stop,-0.038275862068965494,58.0,-0.038275862068965494,False,60分钟数据为空,,0,False,,False,,False,,,,False
bj920748,2025-11-02,2025-11,RANGE,deep_pullback,60.15,55.78,55.0475,dynamic_stop,-0.07265170407315047,60.15,-0.07265170407315047,False,60分钟数据为空,,0,False,,False,,False,,,,False
sz300300,2025-11-01,2025-11,UP,shallow_pullback,10.15,12.816,9.589,initial_tp,0.26266009852216743,10.15,0.26266009852216743,False,反转pinbar出现但价格未优于原价 (opt=10.18 vs orig=10.15),pinbar,1,False,,False,,False,,,,True
bj920953,2025-11-08,2025-11,RANGE,deep_pullback,45.1,39.7,38.05766666666667,dynamic_stop,-0.11973392461197341,,0.0,False,开盘高开4.7% (>3%)，远离支撑，放弃当日入场,,0,True,开盘高开4.7% (>3%)，远离支撑，放弃当日入场,False,,False,,,,True
bj920748,2025-11-10,2025-11,RANGE,deep_pullback,60.15,55.58,55.157,dynamic_stop,-0.07597672485453033,60.15,-0.07597672485453033,False,触及支撑后未出现有效反转形态,,4,False,,False,,False,,,,True
sz300402,2025-11-06,2025-11,UP,deep_pullback,26.0,25.61,25.41,dynamic_stop,-0.015000000000000013,,0.0,False,开盘高开3.5% (>3%)，远离支撑，放弃当日入场,,0,True,开盘高开3.5% (>3%)，远离支撑，放弃当日入场,False,,False,,,,True
bj920834,2025-11-19,2025-11,UP,deep_pullback,18.889961095728296,16.932095336327293,16.21486712597386,dynamic_stop,-0.10364583333333321,,0.0,False,开盘高开13.0% (>3%)，远离支撑，放弃当日入场,,0,True,开盘高开13.0% (>3%)，远离支撑，放弃当日入场,False,,False,,,,True
bj920834,2025-11-19,2025-11,UP,deep_pullback,19.480272379969808,16.932095336327293,15.911119820007164,dynamic_stop,-0.13080808080808082,,0.0,False,开盘高开15.2% (>3%)，远离支撑，放弃当日入场,,0,True,开盘高开15.2% (>3%)，远离支撑，放弃当日入场,False,,False,,,,True
bj920748,2025-11-15,2025-11,RANGE,deep_pullback,63.5,55.58,60.82119999999999,dynamic_stop,-0.12472440944881891,63.5,-0.12472440944881891,False,触及支撑后未出现有效反转形态,,2,False,,False,,False,,,,True
bj920809,2025-11-25,2025-11,UP,shallow_pullback,8.87,7.66,6.958,initial_stop,-0.13641488162344972,,0.0,False,开盘高开4.8% (>3%)，远离支撑，放弃当日入场,,0,True,开盘高开4.8% (>3%)，远离支撑，放弃当日入场,False,,False,,,,True
sz002620,2025-11-22,2025-11,UP,deep_pullback,7.61,5.99,5.884166666666666,initial_stop,-0.2128777923784494,,0.0,False,开盘高开9.4% (>3%)，远离支撑，放弃当日入场,,0,True,开盘高开9.4% (>3%)，远离支撑，放弃当日入场,False,,False,,,,True
sz001203,2025-12-10,2025-12,RANGE,deep_pullback,27.8,27.85,27.11,dynamic_stop,0.0017985611510791255,27.8,0.0017985611510791255,False,反转engulf出现但价格未优于原价 (opt=27.96 vs orig=27.80),engulf,1,False,,False,,False,,,,True
bj920665,2025-12-18,2025-12,UP,deep_pullback,19.0,15.97,15.5335,dynamic_stop,-0.15947368421052632,16.3700008392334,-0.02443499198086352,True,pinbar反转，入场价 16.37 < 19.00 (改善13.84%),pinbar,1,False,,False,,False,,,,True
sz002591,2026-01-02,2026-01,UP,deep_pullback,9.19,8.34,6.801833333333334,initial_tp,-0.09249183895538626,9.19,-0.09249183895538626,False,60分钟数据为空,,0,False,,False,,False,,,,False
bj920092,2026-01-09,2026-01,UP,shallow_pullback,48.0,52.248,41.74,initial_tp,0.08850000000000002,44.65999984741211,0.16990596011001968,True,pinbar反转，入场价 44.66 < 48.00 (改善6.96%),pinbar,1,False,,False,,False,,,,True
bj920576,2026-01-07,2026-01,UP,shallow_pullback,85.0,107.088,84.0885,initial_tp,0.2598588235294117,85.0,0.2598588235294117,False,"当日未触及支撑区 (support=84.09, tol=1.5%, day_low=80.18)",,0,False,,False,,False,,,,True
sh600337,2026-01-15,2026-01,UP,deep_pullback,4.27,2.8704,3.0165,dynamic_stop,-0.327775175644028,,0.0,False,开盘高开6.7% (>3%)，远离支撑，放弃当日入场,,0,True,开盘高开6.7% (>3%)，远离支撑，放弃当日入场,False,,False,,,,True
bj920751,2026-01-18,2026-01,UP,deep_pullback,27.99,26.71,25.4363,dynamic_stop,-0.04573061807788492,27.99,-0.04573061807788492,False,60分钟数据为空,,0,False,,False,,False,,,,False
bj920575,2026-01-17,2026-01,RANGE,shallow_pullback,10.8,10.68,9.256,initial_stop,-0.011111111111111183,,0.0,False,开盘高开8.0% (>3%)，远离支撑，放弃当日入场,,0,True,开盘高开8.0% (>3%)，远离支撑，放弃当日入场,False,,False,,,,True
bj920088,2026-01-19,2026-01,RANGE,deep_pullback,40.0,42.732,34.2111,initial_tp,0.06830000000000003,40.0,0.06830000000000003,False,"当日未触及支撑区 (support=34.21, tol=1.5%, day_low=34.83)",,0,False,,False,,False,,,,True
sz301001,2026-01-19,2026-01,UP,deep_pullback,40.46,39.696,32.6555,initial_tp,-0.018882847256549762,40.46,-0.018882847256549762,False,触及支撑后未出现有效反转形态,,5,False,,False,,False,,,,True
bj920270,2026-01-18,2026-01,UP,deep_pullback,21.108395063288416,20.232197532359464,20.72545691511197,dynamic_stop,-0.04150943396226414,21.108395063288416,-0.04150943396226414,False,60分钟数据为空,,0,False,,False,,False,,,,False
bj920021,2026-01-22,2026-01,UP,deep_pullback,10.921887416498814,12.199768211116591,10.989774833712882,initial_stop,0.11700182815356497,10.921887416498814,0.11700182815356497,False,"当日未触及支撑区 (support=10.99, tol=1.5%, day_low=10.38)",,0,False,,False,,False,,,,True
bj920471,2026-01-22,2026-01,RANGE,deep_pullback,17.35879219804951,20.58044111027757,16.080950862715678,initial_tp,0.18559176672384226,,0.0,False,开盘高开5.3% (>3%)，远离支撑，放弃当日入场,,0,True,开盘高开5.3% (>3%)，远离支撑，放弃当日入场,False,,False,,,,True
bj920021,2026-01-27,2026-01,UP,deep_pullback,12.000099336957565,14.902286422859031,10.989774833712882,initial_tp,0.24184692179700495,,0.0,False,开盘高开10.1% (>3%)，远离支撑，放弃当日入场,,0,True,开盘高开10.1% (>3%)，远离支撑，放弃当日入场,False,,False,,,,True
bj920394,2026-01-26,2026-01,UP,deep_pullback,57.27419988219124,53.95687822501473,55.12318014922442,initial_stop,-0.05791999999999997,,0.0,False,开盘高开13.3% (>3%)，远离支撑，放弃当日入场,,0,True,开盘高开13.3% (>3%)，远离支撑，放弃当日入场,False,,False,,,,True
bj920427,2026-01-23,2026-01,UP,deep_pullback,21.88,18.86,21.6961,dynamic_stop,-0.13802559414990856,21.88,-0.13802559414990856,False,触及支撑后未出现有效反转形态,,2,False,,False,,False,,,,True
bj920640,2026-01-28,2026-01,UP,deep_pullback,46.478742893240685,47.36452621604549,42.54845262160455,initial_stop,0.019057815845824555,,0.0,False,开盘高开6.8% (>3%)，远离支撑，放弃当日入场,,0,True,开盘高开6.8% (>3%)，远离支撑，放弃当日入场,False,,False,,,,True
bj920021,2026-01-27,2026-01,UP,deep_pullback,12.289619204488154,14.902286422859031,10.989774833712882,initial_tp,0.212591389114541,,0.0,False,开盘高开10.1% (>3%)，远离支撑，放弃当日入场,,0,True,开盘高开10.1% (>3%)，远离支撑，放弃当日入场,False,,False,,,,True
bj920394,2026-01-26,2026-01,UP,deep_pullback,62.22468289809542,53.95687822501473,55.32578140585117,initial_stop,-0.13287017768528886,,0.0,False,开盘高开12.9% (>3%)，远离支撑，放弃当日入场,,0,True,开盘高开12.9% (>3%)，远离支撑，放弃当日入场,False,,False,,,,True
bj920640,2026-01-25,2026-01,UP,deep_pullback,48.51903032217309,46.478742893240685,43.177458307012,initial_stop,-0.042051282051281946,48.51903032217309,-0.042051282051281946,False,60分钟数据为空,,0,False,,False,,False,,,,False
bj920427,2026-01-30,2026-01,UP,deep_pullback,20.5,15.03,14.7,initial_stop,-0.26682926829268294,,0.0,False,开盘高开4.4% (>3%)，远离支撑，放弃当日入场,,0,True,开盘高开4.4% (>3%)，远离支撑，放弃当日入场,False,,False,,,,True
bj920471,2026-01-29,2026-01,UP,deep_pullback,18.16271567891973,18.877314328582145,18.30444441110278,dynamic_stop,0.03934426229508192,18.16271567891973,0.03934426229508192,False,"当日未触及支撑区 (support=18.30, tol=1.5%, day_low=17.58)",,0,False,,False,,False,,,,True
bj920634,2026-01-31,2026-01,UP,deep_pullback,29.84202211690363,27.05676671932596,26.688715113217484,dynamic_stop,-0.09333333333333327,,0.0,False,开盘高开12.6% (>3%)，远离支撑，放弃当日入场,,0,True,开盘高开12.6% (>3%)，远离支撑，放弃当日入场,False,,False,,,,True
bj920088,2026-01-28,2026-01,UP,deep_pullback,40.37,56.964,41.6075,initial_tp,0.41104780777805305,40.37,0.41104780777805305,False,触及支撑后未出现有效反转形态,,1,False,,False,,False,,,,True
bj920207,2026-01-29,2026-01,UP,deep_pullback,32.031887081926975,30.14063209573489,29.76039030377417,dynamic_stop,-0.05904288377874456,32.031887081926975,-0.05904288377874456,False,触及支撑后未出现有效反转形态,,1,False,,False,,False,,,,True
bj920414,2026-02-02,2026-02,UP,deep_pullback,17.93,16.51,19.135,dynamic_stop,-0.07919687674288889,17.93,-0.07919687674288889,False,"当日未触及支撑区 (support=19.14, tol=1.5%, day_low=15.18)",,0,False,,True,60m收盘跌破支撑0.5%且未收回 (support=19.14),False,,,,True
bj920021,2026-01-29,2026-01,UP,deep_pullback,11.98013244954166,14.902286422859031,10.989774833712882,initial_tp,0.24391666666666678,11.98013244954166,0.24391666666666678,False,"当日未触及支撑区 (support=10.99, tol=1.5%, day_low=10.31)",,0,False,,False,,False,,,,True
bj920207,2026-02-01,2026-02,UP,shallow_pullback,31.45455661245781,29.065602945688862,30.7363774163854,dynamic_stop,-0.07594936708860767,31.45455661245781,-0.07594936708860767,False,60分钟数据为空,,0,False,,False,,False,,,,False
bj920227,2026-01-31,2026-01,UP,deep_pullback,82.76233976720201,83.71804773832326,79.54800813319582,dynamic_stop,0.011547619047618918,,0.0,False,开盘高开5.6% (>3%)，远离支撑，放弃当日入场,,0,True,开盘高开5.6% (>3%)，远离支撑，放弃当日入场,False,,False,,,,True
bj920019,2026-01-31,2026-01,UP,deep_pullback,26.0,23.18,22.1235,dynamic_stop,-0.1084615384615385,,0.0,False,开盘高开17.5% (>3%)，远离支撑，放弃当日入场,,0,True,开盘高开17.5% (>3%)，远离支撑，放弃当日入场,False,,False,,,,True
bj920471,2026-02-01,2026-02,UP,deep_pullback,19.35371342835709,17.706166541635408,18.459075618904727,dynamic_stop,-0.08512820512820518,19.35371342835709,-0.08512820512820518,False,60分钟数据为空,,0,False,,False,,False,,,,False
bj920088,2026-02-01,2026-02,UP,deep_pullback,44.5,43.24,41.5356,initial_stop,-0.028314606741572934,44.5,-0.028314606741572934,False,60分钟数据为空,,0,False,,False,,False,,,,False
bj920471,2026-02-10,2026-02,UP,shallow_pullback,18.877314328582145,16.28689422355589,16.209479369842462,dynamic_stop,-0.13722397476340686,,0.0,False,开盘高开14.8% (>3%)，远离支撑，放弃当日入场,,0,True,开盘高开14.8% (>3%)，远离支撑，放弃当日入场,False,,False,,,,True
bj920021,2026-02-04,2026-02,UP,deep_pullback,13.12822847595607,12.748857615053916,12.609289072016756,dynamic_stop,-0.028897338403041872,,0.0,False,开盘高开4.3% (>3%)，远离支撑，放弃当日入场,,0,True,开盘高开4.3% (>3%)，远离支撑，放弃当日入场,False,,False,,,,True
bj920046,2026-02-07,2026-02,UP,deep_pullback,27.831241621401364,26.9238095226742,26.86318109234165,dynamic_stop,-0.032604801146542295,27.299999237060547,-0.013779843402913272,True,pinbar反转，入场价 27.30 < 27.83 (改善1.91%),pinbar,2,False,,False,,False,,,,True
bj920471,2026-02-07,2026-02,UP,deep_pullback,18.3115903975994,17.616841710427607,18.051754388597157,dynamic_stop,-0.03794037940379402,18.3115903975994,-0.03794037940379402,False,触及支撑后K线不足,,1,False,,False,,False,,,,True
sh603729,2026-02-18,2026-02,UP,shallow_pullback,23.19,17.12,17.297666666666665,dynamic_stop,-0.2617507546356188,23.19,-0.2617507546356188,False,60分钟数据为空,,0,False,,False,,False,,,,False
sh603729,2026-02-18,2026-02,UP,shallow_pullback,20.0,17.12,17.358166666666666,dynamic_stop,-0.1439999999999999,20.0,-0.1439999999999999,False,60分钟数据为空,,0,False,,False,,False,,,,False
sh603533,2026-02-20,2026-02,UP,deep_pullback,35.83,26.75,26.1885,dynamic_stop,-0.25341892269048283,35.83,-0.25341892269048283,False,60分钟数据为空,,0,False,,False,,False,,,,False
bj920571,2026-03-08,2026-03,UP,deep_pullback,14.52,10.5,10.044333333333334,dynamic_stop,-0.27685950413223137,14.52,-0.27685950413223137,False,60分钟数据为空,,0,False,,False,,False,,,,False
bj920010,2026-03-08,2026-03,RANGE,deep_pullback,17.481796515041488,13.263428046209455,12.924961318473857,dynamic_stop,-0.2413006274957218,17.481796515041488,-0.2413006274957218,False,60分钟数据为空,,0,False,,False,,False,,,,False
sh603616,2026-03-05,2026-03,UP,deep_pullback,7.69,7.29,7.131,initial_stop,-0.052015604681404426,7.239999771118164,0.006906109179905862,True,pinbar反转，入场价 7.24 < 7.69 (改善5.85%),pinbar,5,False,,False,,False,,,,True
bj920351,2026-03-08,2026-03,RANGE,deep_pullback,27.9,22.19,21.855,dynamic_stop,-0.2046594982078852,27.9,-0.2046594982078852,False,60分钟数据为空,,0,False,,False,,False,,,,False
bj920010,2026-03-08,2026-03,UP,deep_pullback,14.071200731730482,13.263428046209455,12.924961318473857,dynamic_stop,-0.05740609496810767,14.071200731730482,-0.05740609496810767,False,60分钟数据为空,,0,False,,False,,False,,,,False
bj920571,2026-03-08,2026-03,UP,deep_pullback,11.7,10.5,10.139333333333331,dynamic_stop,-0.10256410256410253,11.7,-0.10256410256410253,False,60分钟数据为空,,0,False,,False,,False,,,,False
bj920014,2026-03-13,2026-03,UP,deep_pullback,16.68,15.1,14.767500000000002,dynamic_stop,-0.09472422062350117,,0.0,False,开盘高开9.7% (>3%)，远离支撑，放弃当日入场,,0,True,开盘高开9.7% (>3%)，远离支撑，放弃当日入场,False,,False,,,,True
bj920010,2026-03-08,2026-03,UP,deep_pullback,13.96150320653627,13.263428046209455,12.924961318473857,dynamic_stop,-0.050000000000000044,13.96150320653627,-0.050000000000000044,False,60分钟数据为空,,0,False,,False,,False,,,,False
bj920375,2026-03-12,2026-03,UP,deep_pullback,13.522113787375416,13.474857558139536,13.867781717192692,dynamic_stop,-0.003494736842105217,,0.0,False,开盘高开37.0% (>3%)，远离支撑，放弃当日入场,,0,True,开盘高开37.0% (>3%)，远离支撑，放弃当日入场,False,,False,,,,True
