signal_idx,stock_code,t0_date,buy_price,month,trend,original_pnl,original_hold_days,original_exit_reason,baseline_pnl,baseline_days,baseline_reason,layered_pnl,layered_days,layered_reason,layered_layer
0,bj920152,2025-02-21,20.5,2025-02,RANGE,0.0782241014799152,1.0,dynamic_stop,-0.08,1,baseline_sl,0.24390243902439024,4,layered_tp,deep
1,bj920171,2025-02-21,27.51,2025-02,UP,0.1734506784011735,1.0,initial_tp,0.2,4,baseline_tp,0.30861504907306436,4,layered_tp,moderate
2,bj920249,2025-02-21,14.96,2025-02,UP,-0.0799999999999999,1.0,initial_stop,-0.08,2,baseline_sl,-0.11965240131724975,4,layered_sl,failure
6,bj920906,2025-02-21,25.67753272304481,2025-02,UP,0.0507533703409992,2.0,dynamic_stop,-0.08,6,baseline_sl,-0.10154920475986418,6,layered_sl,failure
10,bj920876,2025-02-21,27.926509186351705,2025-02,UP,0.1999999999999999,3.0,initial_tp,0.2,4,baseline_tp,0.4323308270676691,4,layered_tp,moderate
16,bj920152,2025-02-24,18.92,2025-02,UP,0.1999999999999999,1.0,initial_tp,0.2,3,baseline_tp,0.3477801268498941,3,layered_tp,shallow
23,bj920407,2025-02-24,21.39557843731072,2025-02,UP,0.0824540836264164,1.0,initial_stop,0.2,1,baseline_tp,0.3554202371751862,1,layered_tp,shallow
25,bj920924,2025-02-24,33.90312691539525,2025-02,UP,-0.0578222102134559,2.0,dynamic_stop,-0.08,5,baseline_sl,0.2942759285188392,7,layered_tp,deep
28,bj920184,2025-02-24,15.11785095320624,2025-02,UP,0.0971937029431897,3.0,initial_stop,-0.08,20,baseline_sl,-0.1076774197024899,20,layered_sl,failure
32,bj920415,2025-02-24,19.90620988812899,2025-02,UP,-0.0128022759601705,1.0,dynamic_stop,-0.08,19,baseline_sl,-0.14448803753439288,19,layered_sl,failure
34,bj920895,2025-02-24,15.68,2025-02,RANGE,0.0786724031960663,6.0,initial_stop,0.2,12,baseline_tp,0.38265308068723103,15,layered_tp,shallow
37,bj920146,2025-02-25,9.5,2025-02,UP,0.1986301369863015,8.0,initial_tp,-0.08,3,baseline_sl,0.18526318198756164,14,layered_tp,deep
43,bj920273,2025-02-25,20.760937890341808,2025-02,UP,0.0202131569276002,3.0,initial_stop,0.2,1,baseline_tp,0.4691051127410242,1,layered_tp,shallow
44,bj920010,2025-02-25,11.314991897583493,2025-02,RANGE,-0.0799999999999999,1.0,dynamic_stop,-0.08,4,baseline_sl,-0.10119245613724914,5,layered_sl,failure
45,bj920837,2025-02-25,14.642887936259491,2025-02,UP,-0.0799999999999999,1.0,dynamic_stop,-0.08,4,baseline_sl,0.34536307651151743,7,layered_tp,deep
46,bj920706,2025-02-25,18.342231601509653,2025-02,UP,0.1999999999999999,3.0,initial_tp,0.2,3,baseline_tp,0.41585821603174167,3,layered_tp,shallow
62,bj920924,2025-02-26,35.199422944513294,2025-02,UP,-0.0799999999999999,1.0,dynamic_stop,-0.08,2,baseline_sl,-0.12782658933547053,3,layered_sl,failure
72,bj920152,2025-02-27,24.0,2025-02,UP,0.0628019323671498,1.0,initial_stop,-0.08,1,baseline_sl,-0.10166668891906738,1,layered_sl,failure
75,bj920171,2025-02-27,33.12,2025-02,UP,0.1999999999999999,2.0,initial_tp,-0.08,1,baseline_sl,-0.13949275362318836,1,layered_sl,failure
78,bj920508,2025-02-27,31.90530391018196,2025-02,UP,0.0329113924050632,8.0,dynamic_stop,0.2,1,baseline_tp,0.37594682217927633,1,layered_tp,shallow
80,bj920026,2025-02-27,19.44792672675255,2025-02,RANGE,0.1999999999999999,1.0,initial_tp,0.2,1,baseline_tp,0.41968863819150837,1,layered_tp,shallow
87,bj920092,2025-02-27,57.27309218203035,2025-02,UP,0.0317872850859655,5.0,initial_stop,-0.08,1,baseline_sl,-0.11721194985252759,1,layered_sl,failure
88,bj920839,2025-02-27,24.640184225676453,2025-02,UP,0.1999999999999999,6.0,initial_tp,0.2,7,baseline_tp,0.1720691248189623,4,layered_tp,deep
91,bj920152,2025-02-28,22.04,2025-02,UP,0.0628019323671498,1.0,initial_stop,-0.08,1,baseline_sl,0.3053539227660469,12,layered_tp,deep
92,bj920455,2025-02-28,9.755678599867148,2025-02,RANGE,0.1999999999999999,1.0,initial_tp,0.2,3,baseline_tp,0.353058085517997,3,layered_tp,shallow
101,bj920508,2025-02-28,32.725512969415405,2025-02,UP,-0.0799999999999999,3.0,initial_stop,0.2,1,baseline_tp,0.49730273275760095,1,layered_tp,shallow
106,bj920299,2025-02-28,13.653665534170305,2025-02,UP,0.1999999999999999,1.0,initial_tp,0.2,2,baseline_tp,0.6208101117888838,3,layered_tp,shallow
114,bj920152,2025-03-03,20.81,2025-03,UP,0.0628019323671498,1.0,initial_stop,0.2,10,baseline_tp,0.20134550696780407,10,layered_tp,moderate
122,bj920810,2025-03-03,14.071428571428571,2025-03,UP,0.1999999999999999,1.0,initial_tp,0.2,1,baseline_tp,0.4838578083793523,1,layered_tp,shallow
141,bj920810,2025-03-04,13.928571428571429,2025-03,UP,0.1999999999999999,1.0,initial_tp,0.2,1,baseline_tp,0.42512823251577525,1,layered_tp,shallow
144,bj920651,2025-03-04,27.379898679792447,2025-03,RANGE,0.1999999999999997,6.0,initial_tp,0.2,9,baseline_tp,0.24470883656728826,9,layered_tp,moderate
145,bj920527,2025-03-04,18.54746205241308,2025-03,UP,0.0160804020100502,1.0,initial_stop,-0.08,13,baseline_sl,-0.14273987602192528,13,layered_sl,failure
151,bj920455,2025-03-05,11.204541758263256,2025-03,UP,-0.0799999999999999,1.0,initial_stop,0.2,1,baseline_tp,0.338742835148758,1,layered_tp,shallow
154,bj920906,2025-03-05,28.77312399413832,2025-03,UP,0.0175746924428823,1.0,initial_stop,0.2,10,baseline_tp,0.39018620321341624,10,layered_tp,deep
163,bj920145,2025-03-05,16.1,2025-03,UP,0.1999999999999999,6.0,initial_tp,0.2,8,baseline_tp,0.16770181596649358,5,layered_tp,deep
167,bj920541,2025-03-06,15.626952566172816,2025-03,UP,-0.0799999999999999,3.0,initial_stop,0.2,2,baseline_tp,0.2798400657651823,2,layered_tp,moderate
173,bj920152,2025-03-06,22.39,2025-03,UP,0.0628019323671498,1.0,initial_stop,-0.08,2,baseline_sl,-0.11165701698756425,3,layered_sl,failure
174,bj920837,2025-03-06,17.73427195456974,2025-03,UP,0.1999999999999999,1.0,initial_tp,0.2,3,baseline_tp,0.5044316661841268,4,layered_tp,shallow
182,bj920810,2025-03-06,13.692857142857145,2025-03,UP,-0.0799999999999999,1.0,initial_stop,0.2,1,baseline_tp,0.817005676842631,1,layered_tp,shallow
186,bj920001,2025-03-07,25.63877324739712,2025-03,UP,-0.0725806451612902,1.0,dynamic_stop,-0.08,8,baseline_sl,-0.18092804997477996,10,layered_sl,failure
191,bj920089,2025-03-07,13.142464849937747,2025-03,UP,-0.0449848024316108,4.0,dynamic_stop,0.2,1,baseline_tp,0.4000417599456185,1,layered_tp,shallow
195,bj920870,2025-03-07,21.62887641608017,2025-03,UP,-0.024040684234859,4.0,dynamic_stop,-0.08,9,baseline_sl,-0.1539089278139637,10,layered_sl,failure
196,bj920374,2025-03-07,42.90982244443047,2025-03,UP,-0.0221216691804927,3.0,dynamic_stop,-0.08,2,baseline_sl,-0.11232445200826446,4,layered_sl,failure
199,sh601177,2025-03-07,21.927432652421547,2025-03,UP,0.1069182389937108,3.0,initial_stop,-0.08,2,baseline_sl,-0.1294010358992167,4,layered_sl,failure
218,bj920300,2025-03-10,16.3,2025-03,UP,0.1999999999999999,1.0,initial_tp,0.2,3,baseline_tp,0.3165643610105924,5,layered_tp,shallow
224,bj920001,2025-03-11,27.155098066435297,2025-03,UP,-0.0799999999999999,4.0,dynamic_stop,-0.08,2,baseline_sl,-0.12576269424481734,2,layered_sl,failure
236,bj920145,2025-03-11,16.79,2025-03,UP,0.1999999999999999,2.0,initial_tp,0.2,4,baseline_tp,0.40738529843755833,4,layered_tp,moderate
239,bj920263,2025-03-11,16.41,2025-03,UP,0.0162601626016261,2.0,dynamic_stop,-0.08,2,baseline_sl,-0.11151737210810153,2,layered_sl,failure
241,bj920026,2025-03-12,25.70986329324404,2025-03,UP,0.0042583392476933,3.0,dynamic_stop,0.2,1,baseline_tp,0.5519336322711488,1,layered_tp,shallow
245,bj920006,2025-03-12,34.19634615159952,2025-03,UP,-0.0461703650680029,3.0,dynamic_stop,-0.08,3,baseline_sl,-0.1279770194562322,4,layered_sl,failure
247,bj920455,2025-03-12,12.759654881608418,2025-03,UP,-0.08,4.0,initial_stop,-0.08,5,baseline_sl,-0.1230170655702918,5,layered_sl,failure
248,bj920943,2025-03-12,23.285270467836256,2025-03,UP,0.0452793834296723,1.0,initial_stop,-0.08,5,baseline_sl,-0.10200743099398768,6,layered_sl,failure
249,bj920145,2025-03-12,17.5,2025-03,UP,0.1999999999999999,1.0,initial_tp,0.2,3,baseline_tp,0.3502856663295202,3,layered_tp,deep
260,bj920026,2025-03-13,24.87165131190266,2025-03,UP,-0.0469660610215976,1.0,dynamic_stop,0.2,1,baseline_tp,0.4313484065725961,1,layered_tp,shallow
261,bj920000,2025-03-13,30.753404486860585,2025-03,UP,-0.0225118483412323,2.0,initial_stop,-0.08,2,baseline_sl,-0.10579005938190045,3,layered_sl,failure
264,bj920396,2025-03-13,21.638985300122503,2025-03,UP,0.1999999999999999,1.0,initial_tp,0.2,1,baseline_tp,0.3586588839895295,8,layered_tp,shallow
265,bj920553,2025-03-13,13.413280802068446,2025-03,UP,-0.0193798449612403,1.0,dynamic_stop,-0.08,3,baseline_sl,-0.13443997572265232,3,layered_sl,failure
266,bj920455,2025-03-13,12.585791302600883,2025-03,UP,0.0506208213944603,3.0,dynamic_stop,-0.08,4,baseline_sl,-0.1109021823625137,4,layered_sl,failure
271,bj920943,2025-03-13,22.74029605263157,2025-03,UP,0.0604085180356366,2.0,dynamic_stop,-0.08,5,baseline_sl,-0.14249137500813647,7,layered_sl,failure
272,bj920422,2025-03-13,15.163104190684038,2025-03,UP,0.1999999999999999,1.0,initial_tp,0.2,1,baseline_tp,-0.14067729344123292,5,layered_sl,failure
274,bj920634,2025-03-14,32.69220788774512,2025-03,UP,-0.0095238095238096,1.0,dynamic_stop,-0.08,4,baseline_sl,-0.1426091262207858,4,layered_sl,failure
276,bj920026,2025-03-14,23.31497191798295,2025-03,UP,-0.0457162207924145,1.0,dynamic_stop,0.2,1,baseline_tp,0.4389894765939335,1,layered_tp,shallow
277,bj920576,2025-03-14,34.799541809851085,2025-03,UP,0.1999999999999999,1.0,initial_tp,-0.08,2,baseline_sl,-0.11062045207221383,2,layered_sl,failure
278,bj920422,2025-03-14,17.902245592872124,2025-03,UP,0.1999999999999999,1.0,initial_tp,-0.08,1,baseline_sl,-0.10011285864797614,1,layered_sl,failure
286,bj920000,2025-03-14,28.183206747682267,2025-03,UP,-0.0225118483412323,2.0,initial_stop,-0.08,4,baseline_sl,-0.1572995857913453,5,layered_sl,failure
288,bj920871,2025-03-14,16.732955354445743,2025-03,UP,-0.0586826347305389,3.0,dynamic_stop,0.2,1,baseline_tp,-0.11133451499897151,6,layered_sl,failure
293,bj920781,2025-03-17,11.13616893787204,2025-03,UP,0.1424474187380495,1.0,initial_stop,0.2,1,baseline_tp,-0.10920890912871573,5,layered_sl,failure
294,bj920471,2025-03-17,20.864652561752383,2025-03,UP,0.1999999999999999,1.0,initial_tp,-0.08,2,baseline_sl,-0.1655744184627881,2,layered_sl,failure
297,bj920576,2025-03-17,31.369301260022908,2025-03,UP,0.1999999999999999,1.0,initial_tp,-0.08,3,baseline_sl,-0.1587316793925564,4,layered_sl,failure
301,bj920553,2025-03-17,12.467156660262,2025-03,UP,-0.009433962264151,4.0,dynamic_stop,-0.08,2,baseline_sl,-0.13211969740365537,2,layered_sl,failure
303,bj920221,2025-03-17,22.49521072796935,2025-03,UP,0.0374873353596758,2.0,initial_stop,0.2,1,baseline_tp,-0.13314881839472015,4,layered_sl,failure
305,bj920871,2025-03-17,17.573585052315835,2025-03,UP,0.0479041916167664,2.0,dynamic_stop,-0.08,4,baseline_sl,-0.1362035543694955,4,layered_sl,failure
306,bj920422,2025-03-17,15.838106893366104,2025-03,UP,0.1999999999999999,1.0,initial_tp,-0.08,2,baseline_sl,-0.10784791329073795,2,layered_sl,failure
307,bj920694,2025-03-17,16.883874417549904,2025-03,UP,0.1999999999999999,1.0,initial_tp,0.2,1,baseline_tp,0.3397399364520912,1,layered_tp,shallow
308,bj920519,2025-03-17,14.677474628119793,2025-03,UP,-0.0316503391107761,2.0,dynamic_stop,-0.08,2,baseline_sl,-0.10679459587955986,2,layered_sl,failure
309,bj920943,2025-03-17,24.67247807017544,2025-03,UP,0.0452793834296723,1.0,initial_stop,-0.08,2,baseline_sl,-0.1403377064863336,2,layered_sl,failure
310,bj920873,2025-03-17,6.93,2025-03,UP,-0.0231316725978647,4.0,dynamic_stop,-0.08,2,baseline_sl,-0.125541133798046,3,layered_sl,failure
313,bj920781,2025-03-18,11.490130297755506,2025-03,UP,0.1424474187380495,1.0,initial_stop,-0.08,2,baseline_sl,-0.13665034083802097,4,layered_sl,failure
316,bj920639,2025-03-18,8.59,2025-03,UP,0.1999999999999999,1.0,initial_tp,-0.08,1,baseline_sl,-0.10244469870233142,1,layered_sl,failure
317,bj920427,2025-03-18,16.232180657854528,2025-03,UP,-0.0799999999999999,1.0,initial_stop,-0.08,2,baseline_sl,-0.12457849393938636,4,layered_sl,failure
318,bj920370,2025-03-18,5.03,2025-03,UP,0.0022271714922048,3.0,dynamic_stop,-0.08,3,baseline_sl,-0.14115304738342416,3,layered_sl,failure
319,bj920471,2025-03-18,18.74365951173973,2025-03,UP,0.1999999999999999,1.0,initial_tp,-0.08,2,baseline_sl,-0.12983910875424676,3,layered_sl,failure
321,bj920547,2025-03-18,23.388144329896907,2025-03,UP,0.0,4.0,dynamic_stop,-0.08,3,baseline_sl,-0.11066055760259486,3,layered_sl,failure
323,bj920300,2025-03-18,19.51,2025-03,UP,0.0577639751552794,2.0,initial_stop,-0.08,2,baseline_sl,-0.11327528256993613,2,layered_sl,failure
324,bj920873,2025-03-18,7.0,2025-03,UP,-0.0231316725978647,4.0,dynamic_stop,-0.08,1,baseline_sl,-0.10285711288452148,1,layered_sl,failure
325,bj920422,2025-03-18,15.30006126079344,2025-03,UP,0.1999999999999999,1.0,initial_tp,-0.08,2,baseline_sl,-0.14836944043088918,2,layered_sl,failure
326,bj920260,2025-03-18,14.163560755904012,2025-03,UP,0.0037593984962405,2.0,dynamic_stop,-0.08,2,baseline_sl,-0.1435769349607523,3,layered_sl,failure
327,bj920802,2025-03-18,17.596539266089092,2025-03,UP,-0.0518962075848303,7.0,dynamic_stop,0.2,1,baseline_tp,0.35140213237683504,1,layered_tp,shallow
328,bj920768,2025-03-18,8.144949066213922,2025-03,UP,-0.0311244979919679,1.0,dynamic_stop,0.2,1,baseline_tp,0.4217400047031692,1,layered_tp,shallow
329,bj920717,2025-03-18,13.403581936620895,2025-03,UP,-0.0458633093525178,1.0,dynamic_stop,-0.08,1,baseline_sl,-0.10471692889689943,1,layered_sl,failure
332,bj920833,2025-03-19,22.397185527718538,2025-03,UP,-0.030366492146597,3.0,dynamic_stop,-0.08,3,baseline_sl,-0.10792364882144334,3,layered_sl,failure
334,bj920405,2025-03-19,23.80537547467463,2025-03,UP,0.0156097560975609,3.0,dynamic_stop,-0.08,2,baseline_sl,-0.13884996177401432,2,layered_sl,failure
335,bj920509,2025-03-19,23.5454852646569,2025-03,UP,0.1999999999999999,2.0,initial_tp,-0.08,2,baseline_sl,-0.1854064552253658,2,layered_sl,failure
350,bj920571,2025-03-20,8.217165668662675,2025-03,UP,-0.0014347202295551,1.0,dynamic_stop,-0.08,4,baseline_sl,-0.1420399107175072,6,layered_sl,failure
352,bj920786,2025-03-20,9.52,2025-03,UP,0.0413223140495868,2.0,initial_stop,-0.08,7,baseline_sl,-0.12079833134883589,7,layered_sl,failure
383,bj920571,2025-03-24,8.43497005988024,2025-03,UP,-0.0799999999999998,1.0,dynamic_stop,-0.08,2,baseline_sl,-0.116772228427932,2,layered_sl,failure
384,bj920634,2025-03-24,30.12558714117767,2025-03,UP,-0.0799999999999998,1.0,dynamic_stop,0.2,1,baseline_tp,-0.10939495393160281,5,layered_sl,failure
403,bj920634,2025-03-25,34.88225879504784,2025-03,UP,-0.0799999999999999,1.0,dynamic_stop,-0.08,1,baseline_sl,-0.15716468387924099,2,layered_sl,failure
404,sz002052,2025-03-25,6.55,2025-03,RANGE,-0.0431999999999999,5.0,dynamic_stop,-0.08,3,baseline_sl,-0.12977102148623865,10,layered_sl,failure
422,sz002300,2025-03-26,8.364884390135032,2025-03,UP,-0.0545774647887323,1.0,dynamic_stop,-0.08,1,baseline_sl,-0.17751402248252035,2,layered_sl,failure
439,bj920639,2025-03-27,10.6,2025-03,UP,0.1387900355871885,7.0,initial_stop,-0.08,1,baseline_sl,-0.15377355971426332,2,layered_sl,failure
440,sz300927,2025-03-27,31.700934582063592,2025-03,UP,0.1999999999999999,3.0,initial_tp,-0.08,1,baseline_sl,-0.11327533459356687,1,layered_sl,failure
441,bj920834,2025-03-27,12.083259236991005,2025-03,UP,-0.0274725274725275,2.0,dynamic_stop,-0.08,2,baseline_sl,-0.14758096398337406,2,layered_sl,failure
442,sz002141,2025-03-27,1.79,2025-03,RANGE,0.1999999999999999,4.0,initial_tp,-0.08,5,baseline_sl,-0.1284916520784687,7,layered_sl,failure
458,bj920639,2025-03-28,9.3,2025-03,UP,0.1387900355871885,7.0,initial_stop,-0.08,5,baseline_sl,-0.2989247332337083,5,layered_sl,failure
460,bj920509,2025-03-28,30.216706089643026,2025-03,UP,0.1999999999999999,2.0,initial_tp,-0.08,2,baseline_sl,0.18477504235086806,1,layered_tp,deep
477,bj920509,2025-03-31,26.9792018657527,2025-03,UP,0.1999999999999999,2.0,initial_tp,0.2,1,baseline_tp,-0.13896639130290933,4,layered_sl,failure
497,bj920509,2025-04-01,31.393980352875868,2025-04,UP,0.1999999999999999,2.0,initial_tp,-0.08,2,baseline_sl,-0.10683511296270787,2,layered_sl,failure
499,bj920639,2025-04-01,9.44,2025-04,UP,0.3314840499306517,8.0,initial_stop,-0.08,2,baseline_sl,-0.3093220359188015,3,layered_sl,failure
500,sh603353,2025-04-01,21.240761302362827,2025-04,UP,0.0361702127659573,3.0,initial_stop,-0.08,1,baseline_sl,-0.10878899133102149,1,layered_sl,failure
501,bj920230,2025-04-01,19.05138937495625,2025-04,UP,0.1999999999999999,1.0,initial_tp,0.2,1,baseline_tp,0.5211488764347862,1,layered_tp,shallow
515,bj920230,2025-04-02,20.41439070483656,2025-04,UP,0.1999999999999999,1.0,initial_tp,0.2,1,baseline_tp,0.46759212741894673,1,layered_tp,shallow
534,bj920230,2025-04-03,18.392860642542168,2025-04,UP,0.1999999999999999,1.0,initial_tp,0.2,1,baseline_tp,0.41359196403971743,1,layered_tp,shallow
556,bj920505,2025-04-07,30.314095080919945,2025-04,UP,0.1999999999999999,1.0,initial_tp,0.2,1,baseline_tp,0.37559774262191103,1,layered_tp,moderate
573,bj920230,2025-04-08,16.233498985091337,2025-04,UP,-0.0078328981723236,4.0,dynamic_stop,0.2,1,baseline_tp,0.47719229010697517,1,layered_tp,shallow
575,bj920509,2025-04-08,26.047193074026698,2025-04,UP,0.0175379426644184,2.0,initial_stop,0.2,2,baseline_tp,0.3268224823715449,2,layered_tp,moderate
577,bj920866,2025-04-08,11.628155339805826,2025-04,UP,-0.0799999999999999,1.0,initial_stop,0.2,1,baseline_tp,-0.12281875231334305,6,layered_sl,failure
590,bj920706,2025-04-09,18.59794099649049,2025-04,UP,0.0206022187004755,2.0,initial_stop,-0.08,13,baseline_sl,0.17002200582247462,21,layered_tp,deep
591,bj920230,2025-04-09,17.59650031497165,2025-04,UP,-0.0350877192982457,8.0,dynamic_stop,0.2,1,baseline_tp,0.5446253413271156,1,layered_tp,shallow
598,bj920608,2025-04-09,20.206022944550668,2025-04,UP,-0.0070035017508752,4.0,dynamic_stop,-0.08,11,baseline_sl,-0.10175299373174673,12,layered_sl,failure
600,bj920953,2025-04-09,32.97079332876052,2025-04,RANGE,0.0463157894736843,5.0,initial_stop,0.2,1,baseline_tp,0.5698742158073218,1,layered_tp,shallow
604,bj920026,2025-04-10,20.42701467134458,2025-04,UP,-0.0799999999999999,1.0,dynamic_stop,0.2,1,baseline_tp,0.6130600233602597,1,layered_tp,shallow
605,bj920765,2025-04-10,18.68191271824848,2025-04,RANGE,-0.0370678883798416,5.0,initial_stop,0.2,1,baseline_tp,0.332304660932063,1,layered_tp,shallow
608,bj920564,2025-04-10,14.452852414729168,2025-04,RANGE,0.0495004541326067,1.0,initial_stop,0.2,1,baseline_tp,0.5948408366482638,1,layered_tp,shallow
611,bj920706,2025-04-10,19.37490415816301,2025-04,UP,0.0206022187004755,2.0,initial_stop,-0.08,12,baseline_sl,-0.12051173123619952,12,layered_sl,failure
612,bj920230,2025-04-10,18.66852383285504,2025-04,UP,-0.0350877192982457,8.0,dynamic_stop,0.2,1,baseline_tp,0.36593553021702396,1,layered_tp,shallow
613,bj920002,2025-04-10,101.94752356076054,2025-04,UP,-0.0799999999999999,5.0,initial_stop,0.2,1,baseline_tp,1.1873998721223709,1,layered_tp,shallow
615,bj920663,2025-04-10,16.534806405911983,2025-04,RANGE,0.1380175658720202,8.0,initial_stop,0.2,1,baseline_tp,0.46841759683162953,1,layered_tp,shallow
617,bj920608,2025-04-10,21.73379541108987,2025-04,UP,-0.0070035017508752,4.0,dynamic_stop,-0.08,3,baseline_sl,-0.1037000591117887,3,layered_sl,failure
619,bj920856,2025-04-10,18.998813563343848,2025-04,UP,0.06430155210643,3.0,dynamic_stop,0.2,1,baseline_tp,0.3000812224714615,1,layered_tp,shallow
621,bj920953,2025-04-10,33.80342506186326,2025-04,RANGE,0.0142857142857144,4.0,initial_stop,0.2,1,baseline_tp,0.4874232030417045,1,layered_tp,shallow
623,bj920249,2025-04-11,15.1,2025-04,UP,-0.0387139107611548,1.0,dynamic_stop,-0.08,9,baseline_sl,-0.1178808149123034,11,layered_sl,failure
624,bj920706,2025-04-11,19.58143866949369,2025-04,UP,0.0206022187004755,2.0,initial_stop,-0.08,9,baseline_sl,-0.12978810172542132,11,layered_sl,failure
628,bj920427,2025-04-11,13.807251230309188,2025-04,UP,-0.0613540197461212,1.0,dynamic_stop,-0.08,11,baseline_sl,-0.10916372958186349,11,layered_sl,failure
631,bj920570,2025-04-11,36.35353489429416,2025-04,UP,-0.0471337579617834,1.0,dynamic_stop,0.2,17,baseline_tp,0.20483467053255233,17,layered_tp,moderate
632,bj920002,2025-04-11,111.20439528047078,2025-04,UP,0.1999999999999999,3.0,initial_tp,0.2,1,baseline_tp,1.0052265464036436,1,layered_tp,shallow
637,bj920856,2025-04-11,20.113767410957927,2025-04,UP,-0.0799999999999999,1.0,initial_stop,0.2,1,baseline_tp,0.3363980308394363,1,layered_tp,shallow
638,bj920855,2025-04-11,20.79266573579086,2025-04,UP,0.0157093765341187,5.0,dynamic_stop,-0.08,9,baseline_sl,-0.1208438148851807,11,layered_sl,failure
641,bj920857,2025-04-14,17.4764928153273,2025-04,UP,-0.002906976744186,1.0,dynamic_stop,-0.08,10,baseline_sl,0.15927151076406654,22,layered_tp,deep
646,bj920706,2025-04-14,20.65345113306717,2025-04,UP,0.0206022187004755,2.0,initial_stop,-0.08,1,baseline_sl,-0.11491786196553133,2,layered_sl,failure
647,bj920856,2025-04-14,23.173200768810947,2025-04,UP,0.1999999999999999,8.0,initial_tp,0.2,13,baseline_tp,0.1383839213213791,22,layered_hold,shallow
649,bj920753,2025-04-14,28.96673140125403,2025-04,UP,-0.0049557522123893,2.0,dynamic_stop,-0.08,8,baseline_sl,-0.11622750848715191,10,layered_sl,failure
650,bj920564,2025-04-14,15.947259366180342,2025-04,UP,0.0126086956521738,5.0,initial_stop,0.2,1,baseline_tp,0.523772748601181,1,layered_tp,shallow
651,sh603709,2025-04-14,16.0,2025-04,UP,-0.0071556350626118,3.0,dynamic_stop,-0.08,1,baseline_sl,-0.18000000715255737,2,layered_sl,failure
652,bj920346,2025-04-14,27.65656564693258,2025-04,RANGE,0.0610944527736132,7.0,dynamic_stop,0.10172751390532664,22,baseline_hold,0.1519868741867878,7,layered_tp,deep
654,bj920943,2025-04-14,18.59849049707602,2025-04,RANGE,-0.0799999999999999,1.0,initial_stop,0.2,5,baseline_tp,0.22375524145145387,5,layered_tp,moderate
655,sz002693,2025-04-14,9.14,2025-04,RANGE,-0.0726744186046511,5.0,dynamic_stop,0.2,2,baseline_tp,0.3446389454981429,3,layered_tp,shallow
658,bj920634,2025-04-14,28.83732190158784,2025-04,UP,-0.0138000673174015,2.0,dynamic_stop,-0.08,9,baseline_sl,-0.1406968798555086,10,layered_sl,failure
659,bj920533,2025-04-15,39.13972267536704,2025-04,RANGE,0.0153846153846153,4.0,dynamic_stop,0.2,1,baseline_tp,0.3257630826880107,1,layered_tp,shallow
662,bj920002,2025-04-15,112.80478748228676,2025-04,UP,-0.0152321866753092,1.0,dynamic_stop,0.2,1,baseline_tp,1.0213681472363567,1,layered_tp,shallow
663,bj920026,2025-04-15,18.60267094724864,2025-04,RANGE,0.0130111524163569,1.0,dynamic_stop,0.2,1,baseline_tp,0.4315148204406214,1,layered_tp,shallow
665,bj920075,2025-04-15,27.81090718184972,2025-04,RANGE,0.0289343683839096,1.0,initial_stop,0.2,22,baseline_tp,0.43396980211210745,22,layered_tp,moderate
667,sz002693,2025-04-15,10.32,2025-04,RANGE,-0.0799999999999999,1.0,dynamic_stop,0.2,3,baseline_tp,0.31007756373678985,3,layered_tp,shallow
668,bj920245,2025-04-15,24.56136402023169,2025-04,UP,0.0,2.0,dynamic_stop,0.2,1,baseline_tp,0.41970938190410134,1,layered_tp,shallow
669,sz300994,2025-04-15,14.020325819887033,2025-04,UP,-0.0799999999999999,1.0,initial_stop,0.2,8,baseline_tp,0.188274799133473,7,layered_tp,deep
671,bj920627,2025-04-15,26.933958648546582,2025-04,UP,0.0492592592592591,5.0,dynamic_stop,0.08561835089533054,22,baseline_hold,0.15838897542166808,16,layered_tp,deep
672,bj920957,2025-04-15,14.853173575129532,2025-04,UP,0.0117484450587423,1.0,dynamic_stop,-0.08,7,baseline_sl,-0.10860802210730913,7,layered_sl,failure
676,bj920726,2025-04-15,24.7762426253066,2025-04,UP,-0.0292887029288702,1.0,dynamic_stop,-0.08,7,baseline_sl,-0.12819709153932168,9,layered_sl,failure
677,bj920239,2025-04-15,29.95074825449449,2025-04,UP,0.0233644859813084,5.0,initial_stop,0.2,1,baseline_tp,0.4360241672786591,1,layered_tp,shallow
678,bj920346,2025-04-15,26.13545453635129,2025-04,RANGE,0.1244377811094452,4.0,initial_tp,0.2,6,baseline_tp,0.18957181744612184,22,layered_hold,shallow
682,bj920505,2025-04-16,39.48783598573604,2025-04,UP,0.1999999999999999,3.0,initial_tp,-0.08,2,baseline_sl,-0.11365109972998155,2,layered_sl,failure
683,bj920726,2025-04-16,25.767292330318856,2025-04,UP,-0.0292887029288702,1.0,dynamic_stop,-0.08,5,baseline_sl,-0.12214288760880887,6,layered_sl,failure
684,sz002693,2025-04-16,11.58,2025-04,RANGE,-0.0799999999999999,1.0,dynamic_stop,-0.08,4,baseline_sl,-0.17357515588737316,5,layered_sl,failure
685,bj920639,2025-04-16,9.03,2025-04,UP,0.0572687224669603,1.0,initial_stop,-0.08,8,baseline_sl,-0.11738651271410283,8,layered_sl,failure
688,bj920826,2025-04-16,15.707935724132255,2025-04,UP,-0.019346230820547,1.0,dynamic_stop,-0.08,4,baseline_sl,-0.11637019922885616,5,layered_sl,failure
698,bj920765,2025-04-17,17.943378048466975,2025-04,RANGE,-0.0304083405734143,1.0,dynamic_stop,0.2,1,baseline_tp,0.3425565736573255,1,layered_tp,shallow
703,bj920261,2025-04-17,12.96058000752368,2025-04,UP,0.0086455331412103,4.0,dynamic_stop,0.2,1,baseline_tp,0.342532479906724,17,layered_tp,shallow
705,bj920665,2025-04-17,13.514785801713588,2025-04,UP,-0.0413284132841329,2.0,dynamic_stop,-0.08,7,baseline_sl,-0.1261422420679973,8,layered_sl,failure
706,bj920526,2025-04-17,29.587498103474434,2025-04,RANGE,-0.0065359477124183,2.0,dynamic_stop,-0.08,8,baseline_sl,-0.031685628898581064,22,layered_hold,deep
709,bj920527,2025-04-17,19.13317138038402,2025-04,UP,-0.0799999999999999,1.0,initial_stop,-0.08,7,baseline_sl,-0.15016701070518068,7,layered_sl,failure
710,bj920378,2025-04-17,13.333791855995685,2025-04,UP,0.0073260073260073,1.0,dynamic_stop,-0.08,7,baseline_sl,-0.10003094921539002,7,layered_sl,failure
711,bj920046,2025-04-17,17.167640824606668,2025-04,UP,-0.0783783783783784,1.0,dynamic_stop,-0.024327211226836454,22,baseline_hold,-0.024327211226836454,22,layered_hold,deep
716,bj920026,2025-04-18,18.94781705721273,2025-04,UP,-0.0187155963302751,2.0,dynamic_stop,0.2,1,baseline_tp,0.4423825098787586,1,layered_tp,shallow
717,bj920924,2025-04-18,28.917372957248887,2025-04,RANGE,-0.0247688243064729,2.0,dynamic_stop,-0.07149240627201991,22,baseline_hold,-0.07149240627201991,22,layered_hold,deep
718,bj920570,2025-04-18,36.46237781313935,2025-04,UP,0.0044988752811796,2.0,dynamic_stop,0.2,12,baseline_tp,0.20123814912797755,12,layered_tp,moderate
720,bj920427,2025-04-18,14.529781223006372,2025-04,RANGE,0.0995184590690205,2.0,initial_stop,-0.08,4,baseline_sl,-0.15346280842418236,6,layered_sl,failure
721,sz002693,2025-04-18,11.81,2025-04,RANGE,-0.0799999999999999,1.0,dynamic_stop,-0.08,2,baseline_sl,-0.18966979722064192,3,layered_sl,failure
724,bj920690,2025-04-18,18.293610298234817,2025-04,UP,0.1464401294498383,11.0,initial_tp,0.2,1,baseline_tp,0.39611593879813567,1,layered_tp,shallow
725,bj920378,2025-04-18,13.382813149583905,2025-04,UP,0.0763993948562782,2.0,initial_stop,-0.08,6,baseline_sl,-0.10332753914500392,6,layered_sl,failure
727,bj920261,2025-04-18,13.22741547826682,2025-04,UP,0.0144927536231882,3.0,dynamic_stop,0.2,2,baseline_tp,0.3154496921276253,16,layered_tp,shallow
728,bj920579,2025-04-18,28.96895282772641,2025-04,UP,-0.0262803234501348,3.0,dynamic_stop,-0.08,6,baseline_sl,-0.10214220087419035,7,layered_sl,failure
732,bj920701,2025-04-18,23.60786802030457,2025-04,RANGE,-0.0055898793762872,2.0,dynamic_stop,0.2,1,baseline_tp,0.44443362885595983,1,layered_tp,shallow
734,bj920639,2025-04-18,9.6,2025-04,UP,-0.0442105263157894,1.0,dynamic_stop,-0.08,4,baseline_sl,-0.1291667024294535,4,layered_sl,failure
735,bj920779,2025-04-21,48.96565926580435,2025-04,UP,0.0464261089404736,2.0,initial_stop,0.2,1,baseline_tp,0.4602070322768579,1,layered_tp,shallow
737,bj920924,2025-04-21,30.19372597053436,2025-04,RANGE,-0.0535049102607517,1.0,dynamic_stop,-0.08,3,baseline_sl,-0.11074239702406152,21,layered_sl,failure
738,bj920249,2025-04-21,15.25,2025-04,UP,0.1196340605207599,3.0,initial_stop,-0.08,3,baseline_sl,-0.126557397060707,5,layered_sl,failure
742,bj920021,2025-04-21,6.918526489610309,2025-04,RANGE,0.0381791483113069,11.0,dynamic_stop,-0.08,3,baseline_sl,-0.1024100222102704,4,layered_sl,failure
743,bj920932,2025-04-21,20.7651547257621,2025-04,RANGE,-0.0378761061946903,1.0,dynamic_stop,0.2,1,baseline_tp,0.4187228303155084,1,layered_tp,shallow
745,bj920237,2025-04-21,24.16121343838609,2025-04,RANGE,0.0646387832699622,3.0,initial_stop,0.2,1,baseline_tp,0.4527415422917471,1,layered_tp,shallow
746,bj920378,2025-04-21,13.480855736760343,2025-04,UP,0.0763993948562782,2.0,initial_stop,-0.08,5,baseline_sl,-0.10984879340576759,5,layered_sl,failure
749,bj920981,2025-04-21,38.08456505199087,2025-04,UP,-0.068347193347193,1.0,dynamic_stop,-0.08,5,baseline_sl,-0.10724988053335671,6,layered_sl,failure
753,bj920533,2025-04-21,38.84094616639477,2025-04,RANGE,-0.0459599703484062,2.0,dynamic_stop,0.2,1,baseline_tp,0.3202561688279464,1,layered_tp,shallow
755,bj920163,2025-04-22,19.51296214771041,2025-04,UP,-0.0799999999999998,1.0,dynamic_stop,0.2,1,baseline_tp,-0.20360630824692905,4,layered_sl,failure
758,bj920953,2025-04-22,36.56463115112704,2025-04,RANGE,0.072848,2.0,initial_tp,0.2,1,baseline_tp,0.4073709337250211,1,layered_tp,shallow
759,bj920642,2025-04-22,16.753997809419495,2025-04,UP,0.1999999999999999,2.0,initial_tp,-0.08,2,baseline_sl,-0.10051321086173792,2,layered_sl,failure
760,bj920057,2025-04-22,6.93,2025-04,RANGE,0.046801872074883,2.0,initial_stop,-0.08,4,baseline_sl,-0.125541133798046,4,layered_sl,failure
761,bj920261,2025-04-22,13.989802537532915,2025-04,UP,0.0767025089605735,7.0,initial_stop,0.2,14,baseline_tp,0.24376306040404927,14,layered_tp,moderate
762,bj920260,2025-04-22,12.814650207722678,2025-04,UP,0.0495928941524796,2.0,initial_stop,0.0815745597429256,22,baseline_hold,0.0815745597429256,22,layered_hold,shallow
763,bj920799,2025-04-22,63.51327969114429,2025-04,RANGE,0.0280533698255218,3.0,initial_stop,-0.08,2,baseline_sl,-0.1056988473391618,4,layered_sl,failure
764,bj920792,2025-04-22,12.459698811926662,2025-04,UP,-0.0292028413575372,1.0,dynamic_stop,-0.08,4,baseline_sl,-0.13400796241361523,4,layered_sl,failure
765,sh600865,2025-04-22,12.739657394212117,2025-04,RANGE,0.0087241003271536,4.0,dynamic_stop,-0.08,1,baseline_sl,-0.12242535578271663,1,layered_sl,failure
771,bj920026,2025-04-23,18.83511628661221,2025-04,RANGE,0.2068332108743571,4.0,initial_stop,0.2,1,baseline_tp,0.4865849285943664,1,layered_tp,shallow
772,bj920163,2025-04-23,19.70011322333207,2025-04,UP,-0.0799999999999998,1.0,dynamic_stop,-0.08,2,baseline_sl,-0.10609647717684478,2,layered_sl,failure
774,bj920779,2025-04-23,46.21517792954708,2025-04,UP,0.0464261089404736,2.0,initial_stop,-0.08,3,baseline_sl,-0.10375768254991469,4,layered_sl,failure
775,bj920720,2025-04-23,15.23844030188889,2025-04,RANGE,0.0004761904761905,7.0,dynamic_stop,0.2,1,baseline_tp,0.41418667594145475,1,layered_tp,shallow
776,bj920792,2025-04-23,11.624466636048298,2025-04,UP,0.0826737027264734,3.0,initial_stop,-0.08,4,baseline_sl,0.17252692456214014,15,layered_tp,deep
779,bj920221,2025-04-23,16.360153256704983,2025-04,UP,0.1047174701918092,8.0,dynamic_stop,0.2,1,baseline_tp,0.3123348526429792,7,layered_tp,shallow
780,bj920579,2025-04-23,29.967882235579047,2025-04,UP,0.0910317135748879,9.0,initial_stop,-0.08,3,baseline_sl,-0.12372852968218984,3,layered_sl,failure
781,bj920950,2025-04-23,18.29922935998129,2025-04,UP,0.080836899667142,3.0,initial_stop,0.2,1,baseline_tp,0.3115306403277158,11,layered_tp,shallow
782,bj920876,2025-04-23,26.929133858267715,2025-04,RANGE,-0.0480151228733458,1.0,dynamic_stop,-0.08,4,baseline_sl,0.3516959630955032,6,layered_tp,deep
784,bj920245,2025-04-23,24.44162120740005,2025-04,RANGE,0.0102915951972557,5.0,initial_stop,0.2,1,baseline_tp,0.4393480696986063,1,layered_tp,shallow
786,bj920533,2025-04-23,41.33841134395783,2025-04,RANGE,0.1065243656866694,1.0,initial_stop,0.2,1,baseline_tp,0.36676756951034206,1,layered_tp,shallow
787,bj920799,2025-04-23,60.08601912141004,2025-04,RANGE,0.0280533698255218,3.0,initial_stop,-0.06317639712846423,22,baseline_hold,-0.06317639712846423,22,layered_hold,deep
788,bj920706,2025-04-23,19.06018490280199,2025-04,UP,-0.0799999999999999,1.0,initial_stop,-0.08,3,baseline_sl,-0.10598973711832482,3,layered_sl,failure
789,bj920261,2025-04-23,13.865914640402176,2025-04,UP,0.0767025089605735,7.0,initial_stop,0.2,13,baseline_tp,0.2548757200502709,13,layered_tp,moderate
790,bj920961,2025-04-23,20.06991899921228,2025-04,RANGE,0.3505429162357809,7.0,initial_tp,0.2,9,baseline_tp,0.34479863980405145,9,layered_tp,moderate
791,bj920792,2025-04-24,12.449872551033977,2025-04,UP,0.0826737027264734,3.0,initial_stop,-0.08,2,baseline_sl,-0.13332446435711465,2,layered_sl,failure
792,bj920346,2025-04-24,27.55779219819353,2025-04,RANGE,-0.0799999999999999,1.0,dynamic_stop,0.2,16,baseline_tp,0.17933975865201734,15,layered_tp,deep
794,bj920252,2025-04-24,16.64769562268928,2025-04,RANGE,0.0874187832250443,8.0,initial_stop,0.2,16,baseline_tp,0.2536270071390243,16,layered_tp,moderate
795,bj920720,2025-04-24,14.331221530427596,2025-04,RANGE,0.0004761904761905,7.0,dynamic_stop,0.2,1,baseline_tp,0.44160773759218297,1,layered_tp,shallow
797,bj920263,2025-04-24,13.75,2025-04,UP,0.0389705882352942,3.0,initial_stop,-0.08,2,baseline_sl,0.21309093128551138,15,layered_tp,deep
798,bj920469,2025-04-24,14.947771587743732,2025-04,RANGE,0.0879432624113474,7.0,initial_stop,-0.08,2,baseline_sl,-0.12160819173831083,2,layered_sl,failure
808,bj920856,2025-04-25,23.717298246446617,2025-04,UP,-0.0007462686567164,6.0,dynamic_stop,0.2,4,baseline_tp,0.13967452809238967,22,layered_hold,shallow
810,bj920953,2025-04-25,35.582552696698166,2025-04,RANGE,0.0372745490981965,1.0,initial_tp,0.2,1,baseline_tp,0.4141762150609727,1,layered_tp,shallow
811,bj920706,2025-04-25,18.588106019760453,2025-04,UP,0.2097902097902098,7.0,initial_tp,-0.08,1,baseline_sl,0.1706410650848149,9,layered_tp,deep
813,bj920198,2025-04-25,12.23,2025-04,RANGE,0.0925925925925927,6.0,initial_tp,-0.08,1,baseline_sl,-0.12346686287581288,2,layered_sl,failure
814,bj920110,2025-04-25,37.31634652858038,2025-04,RANGE,0.0515873015873016,3.0,initial_stop,0.030379561233059293,22,baseline_hold,0.030379561233059293,22,layered_hold,shallow
815,bj920392,2025-04-25,17.857424626655398,2025-04,RANGE,-0.0144867549668875,6.0,initial_stop,0.2,1,baseline_tp,0.3159792350416559,1,layered_tp,shallow
818,bj920208,2025-04-25,26.449532495401595,2025-04,RANGE,0.0087431693989072,3.0,dynamic_stop,0.2,1,baseline_tp,0.459761174117695,1,layered_tp,shallow
825,bj920163,2025-04-28,15.169087181965692,2025-04,UP,0.2111390811831339,7.0,initial_tp,0.2,9,baseline_tp,0.38241669138044254,9,layered_tp,shallow
829,bj920146,2025-04-28,8.56,2025-04,RANGE,0.1999999999999999,2.0,initial_tp,0.2,4,baseline_tp,0.4287382642799449,4,layered_tp,moderate
832,bj920926,2025-04-28,15.791404063610516,2025-04,RANGE,0.17201646090535,2.0,initial_tp,0.2,1,baseline_tp,0.551476987183011,1,layered_tp,shallow
833,bj920508,2025-04-28,28.152226093689507,2025-04,RANGE,-0.0066416401963617,7.0,initial_stop,0.2,1,baseline_tp,0.32920210445927167,7,layered_tp,shallow
843,bj920706,2025-04-29,18.283221741129463,2025-04,UP,0.125062531265633,6.0,initial_tp,0.2,8,baseline_tp,0.3115850084720868,9,layered_tp,shallow
863,bj920533,2025-04-30,41.96660810641234,2025-04,RANGE,-0.0211202938475666,2.0,dynamic_stop,0.2,1,baseline_tp,0.32915194475233056,1,layered_tp,shallow
871,bj920346,2025-04-30,27.63681095718477,2025-04,RANGE,-0.0799999999999999,1.0,initial_stop,0.2,12,baseline_tp,0.3026104949580315,13,layered_tp,shallow
877,bj920249,2025-04-30,15.35,2025-04,UP,-0.0638297872340425,11.0,dynamic_stop,-0.018892480806729672,22,baseline_hold,-0.018892480806729672,22,layered_hold,deep
878,bj920976,2025-04-30,26.81437305600978,2025-04,RANGE,-0.0114081996434938,1.0,initial_stop,0.017737795268383483,22,baseline_hold,0.017737795268383483,22,layered_hold,moderate
883,bj920425,2025-05-06,23.56718968898852,2025-05,UP,0.1999999999999999,1.0,initial_tp,0.2,1,baseline_tp,0.419346184435752,1,layered_tp,shallow
887,bj920976,2025-05-06,27.882329786981103,2025-05,RANGE,-0.0114081996434938,1.0,initial_stop,-0.08,14,baseline_sl,-0.007256548622410763,22,layered_hold,deep
926,bj920247,2025-05-08,18.967921336984936,2025-05,UP,0.1999999999999999,3.0,initial_tp,0.2,1,baseline_tp,0.6501544202437033,1,layered_tp,shallow
961,bj920510,2025-05-12,26.34,2025-05,RANGE,0.0191915067374439,4.0,dynamic_stop,-0.08,1,baseline_sl,-0.1142748700187527,3,layered_sl,failure
962,bj920008,2025-05-12,46.0,2025-05,UP,-0.0023646252069047,1.0,initial_stop,-0.08,3,baseline_sl,-0.1265217324961787,6,layered_sl,failure
963,bj920363,2025-05-12,16.564238681027007,2025-05,RANGE,-0.0025929127052722,1.0,dynamic_stop,0.2,1,baseline_tp,0.6420918151882737,1,layered_tp,shallow
976,bj920284,2025-05-13,27.98,2025-05,UP,0.2834755624515128,2.0,initial_tp,-0.08,2,baseline_sl,0.2351680262076845,6,layered_tp,deep
977,bj920363,2025-05-13,15.694774811563136,2025-05,RANGE,-0.0025929127052722,1.0,dynamic_stop,0.2,1,baseline_tp,0.5756836169459714,1,layered_tp,shallow
978,bj920770,2025-05-13,18.998731496238307,2025-05,RANGE,-0.0334029227557411,1.0,dynamic_stop,-0.08,8,baseline_sl,-0.05993720612937814,22,layered_hold,deep
991,bj920876,2025-05-14,37.78057742782152,2025-05,UP,0.0288582183186949,1.0,dynamic_stop,-0.08,4,baseline_sl,-0.1450633781665044,6,layered_sl,failure
992,bj920425,2025-05-14,25.20084057158868,2025-05,UP,-0.036858006042296,5.0,initial_stop,0.2,1,baseline_tp,0.49558497938360535,1,layered_tp,shallow
993,bj920163,2025-05-14,19.97591480845872,2025-05,UP,0.0507122507122508,2.0,initial_stop,-0.08,2,baseline_sl,-0.11743720726615992,2,layered_sl,failure
995,bj920247,2025-05-14,17.54056939691082,2025-05,RANGE,-0.0129207752465148,2.0,dynamic_stop,0.2,1,baseline_tp,0.669843221890265,1,layered_tp,shallow
998,bj920171,2025-05-14,32.3,2025-05,RANGE,0.0084033613445377,3.0,dynamic_stop,-0.08,2,baseline_sl,-0.1309597617701479,6,layered_sl,failure
1007,bj920876,2025-05-15,39.74540682414698,2025-05,UP,-0.0189776553412918,1.0,dynamic_stop,-0.08,3,baseline_sl,-0.13423958648457945,3,layered_sl,failure
1009,bj920706,2025-05-15,21.83364834067101,2025-05,UP,0.0068426197458457,2.0,dynamic_stop,-0.08,5,baseline_sl,-0.10184499152976234,5,layered_sl,failure
1023,bj920876,2025-05-16,40.892388451443566,2025-05,UP,-0.0189776553412918,1.0,dynamic_stop,-0.08,1,baseline_sl,-0.10325614233837188,1,layered_sl,failure
1025,bj920247,2025-05-16,18.6570758033688,2025-05,UP,-0.0155985079688029,1.0,dynamic_stop,0.2,1,baseline_tp,0.6535281684335184,1,layered_tp,shallow
1026,bj920010,2025-05-16,15.51088520231129,2025-05,UP,-0.0050541516245486,1.0,dynamic_stop,-0.08,4,baseline_sl,-0.12255171260959308,4,layered_sl,failure
1043,bj920371,2025-05-19,12.901038525963148,2025-05,UP,-0.0042301184433164,1.0,dynamic_stop,-0.08,3,baseline_sl,-0.12255128360070489,3,layered_sl,failure
1056,bj920271,2025-05-20,18.4508024691358,2025-05,UP,0.0498281786941579,9.0,initial_stop,-0.08,3,baseline_sl,-0.10356197551866997,22,layered_sl,failure
1057,bj920873,2025-05-20,6.8,2025-05,UP,0.057565789473684,16.0,dynamic_stop,-0.08,2,baseline_sl,-0.1250000280492446,2,layered_sl,failure
1060,bj920427,2025-05-20,16.212385315588854,2025-05,RANGE,-0.0113064459717223,1.0,dynamic_stop,-0.08,2,baseline_sl,-0.12227600903652236,2,layered_sl,failure
1061,bj920857,2025-05-20,20.76887706226716,2025-05,RANGE,-0.0084388185654008,1.0,dynamic_stop,-0.08,2,baseline_sl,-0.11454050527077653,3,layered_sl,failure
1062,bj920199,2025-05-20,31.5,2025-05,UP,0.2452983988355166,8.0,initial_tp,-0.08,2,baseline_sl,-0.15460320124550475,2,layered_sl,failure
1063,bj920284,2025-05-20,26.66,2025-05,UP,0.1038532110091743,5.0,initial_tp,0.2,1,baseline_tp,0.07464364660653677,22,layered_hold,shallow
1065,bj920436,2025-05-20,23.5,2025-05,RANGE,-0.0799999999999999,1.0,dynamic_stop,0.2,1,baseline_tp,0.2451063927183761,6,layered_tp,deep
1074,bj920284,2025-05-21,29.79,2025-05,UP,0.1999999999999997,9.0,initial_tp,-0.08,1,baseline_sl,-0.10506882016072139,2,layered_sl,failure
1078,bj920175,2025-05-21,13.59,2025-05,RANGE,0.0023961661341853,1.0,dynamic_stop,-0.08,1,baseline_sl,-0.11037526471023618,2,layered_sl,failure
1094,bj920436,2025-05-22,22.8,2025-05,RANGE,0.1999999999999999,1.0,initial_tp,0.2,4,baseline_tp,0.2833333433720102,4,layered_tp,moderate
1096,bj920284,2025-05-22,27.2,2025-05,UP,0.100183486238532,5.0,initial_tp,0.2,12,baseline_tp,0.21691170860739328,12,layered_tp,moderate
1105,bj920931,2025-05-23,18.59314285714285,2025-05,UP,0.1999999999999999,10.0,initial_tp,-0.08,3,baseline_sl,-0.11203821991077445,6,layered_sl,failure
1127,bj920436,2025-05-26,24.06,2025-05,RANGE,-0.0408254822790489,7.0,dynamic_stop,0.2,2,baseline_tp,-0.10307564739376329,8,layered_sl,failure
1138,bj920946,2025-05-27,13.447396383356466,2025-05,UP,0.0147179067865901,4.0,dynamic_stop,-0.08,6,baseline_sl,-0.1269685642903713,12,layered_sl,failure
1171,bj920571,2025-05-29,10.137804391217566,2025-05,UP,0.0029850746268655,1.0,dynamic_stop,0.2,7,baseline_tp,0.28430180296662333,7,layered_tp,moderate
1172,bj920436,2025-05-29,25.55,2025-05,UP,-0.034070796460177,1.0,dynamic_stop,-0.08,1,baseline_sl,-0.11076323626792595,1,layered_sl,failure
1306,bj920719,2025-06-11,16.25,2025-06,UP,-0.0799999999999999,1.0,initial_stop,0.2,4,baseline_tp,0.26646153376652637,4,layered_tp,moderate
1323,bj920075,2025-06-12,43.87862246234154,2025-06,UP,0.0159605339524087,8.0,dynamic_stop,-0.08,3,baseline_sl,-0.12987240340228445,3,layered_sl,failure
1324,bj920527,2025-06-12,25.66615691489362,2025-06,UP,0.035121951219512,3.0,initial_stop,-0.08,2,baseline_sl,-0.1494636304105782,2,layered_sl,failure
1342,bj920527,2025-06-13,22.81436170212766,2025-06,UP,0.035121951219512,3.0,initial_stop,-0.08,4,baseline_sl,-0.11020963452300414,5,layered_sl,failure
1362,bj920061,2025-06-16,44.57475533133054,2025-06,UP,0.0388779527559055,5.0,initial_stop,-0.08,2,baseline_sl,-0.12102713713299773,3,layered_sl,failure
1364,bj920075,2025-06-16,41.18535576102399,2025-06,UP,0.0159605339524087,8.0,dynamic_stop,-0.08,2,baseline_sl,-0.11230580147398428,2,layered_sl,failure
1365,bj920781,2025-06-16,13.73,2025-06,UP,0.0263157894736842,7.0,dynamic_stop,-0.08,6,baseline_sl,-0.10415147918901213,18,layered_sl,failure
1380,bj920199,2025-06-17,41.99,2025-06,UP,0.1999999999999999,5.0,initial_tp,-0.08,2,baseline_sl,-0.12836393250485612,2,layered_sl,failure
1381,bj920781,2025-06-17,14.65,2025-06,UP,0.0263157894736842,7.0,dynamic_stop,-0.08,3,baseline_sl,-0.1290102232845164,3,layered_sl,failure
1399,bj920204,2025-06-18,26.263733218843303,2025-06,UP,-0.0503048780487803,1.0,dynamic_stop,-0.08,3,baseline_sl,-0.10332628492569929,3,layered_sl,failure
1414,sh603398,2025-06-19,5.0,2025-06,RANGE,0.1235955056179776,5.0,dynamic_stop,-0.08,2,baseline_sl,0.16599998474121103,8,layered_tp,deep
1418,bj920204,2025-06-19,26.173959728919417,2025-06,UP,0.0226086956521738,1.0,dynamic_stop,-0.08,2,baseline_sl,-0.1002508034334475,2,layered_sl,failure
1432,bj920895,2025-06-20,49.9,2025-06,UP,-0.0248648648648649,1.0,dynamic_stop,-0.08,1,baseline_sl,-0.13947898543669368,1,layered_sl,failure
1451,bj920895,2025-06-23,43.4,2025-06,UP,-0.0248648648648649,1.0,dynamic_stop,-0.08,1,baseline_sl,-0.14239628523725512,1,layered_sl,failure
1469,bj920895,2025-06-24,36.89,2025-06,UP,-0.0248648648648649,1.0,dynamic_stop,-0.08,8,baseline_sl,-0.11358089555599205,18,layered_sl,failure
1471,sh603398,2025-06-24,4.8,2025-06,RANGE,0.1235955056179776,5.0,dynamic_stop,0.2,5,baseline_tp,0.049999992052714104,22,layered_hold,moderate
1473,bj920199,2025-06-24,35.3,2025-06,UP,0.1999999999999999,3.0,initial_tp,0.2,5,baseline_tp,0.2475920939242875,5,layered_tp,moderate
1490,bj920305,2025-06-25,10.6,2025-06,RANGE,-0.0355371900826445,1.0,initial_stop,0.2,1,baseline_tp,0.3018868104466852,1,layered_tp,shallow
1505,bj920088,2025-06-26,41.11,2025-06,UP,-0.0012406947890818,1.0,dynamic_stop,-0.08,11,baseline_sl,-0.081731938701046,22,layered_hold,deep
1507,bj920748,2025-06-26,72.43256717384267,2025-06,UP,-0.0097546556310966,1.0,dynamic_stop,-0.08,4,baseline_sl,-0.11918075354230406,9,layered_sl,failure
1508,bj920943,2025-06-26,28.54,2025-06,UP,0.0136986301369863,1.0,dynamic_stop,-0.08,6,baseline_sl,-0.11352490409738791,10,layered_sl,failure
1542,bj920088,2025-06-30,41.51,2025-06,UP,-0.0684516880093132,3.0,dynamic_stop,-0.08,9,baseline_sl,-0.10816669578984162,11,layered_sl,failure
1576,sh605151,2025-07-02,22.62397727144544,2025-07,UP,0.0339074273412272,3.0,initial_stop,-0.08,2,baseline_sl,-0.16283506181017549,2,layered_sl,failure
1580,bj920088,2025-07-02,45.24,2025-07,UP,-0.0012406947890818,1.0,dynamic_stop,-0.08,2,baseline_sl,-0.12687886825817862,3,layered_sl,failure
1613,bj920305,2025-07-04,14.58,2025-07,RANGE,0.0794701986754966,8.0,dynamic_stop,-0.08,1,baseline_sl,-0.10082306881500369,1,layered_sl,failure
1631,bj920299,2025-07-07,23.989988981799183,2025-07,UP,-0.0286343612334799,1.0,dynamic_stop,-0.08,3,baseline_sl,-0.10129181458567549,3,layered_sl,failure
1650,bj920914,2025-07-08,30.89,2025-07,UP,0.0273545706371192,1.0,dynamic_stop,-0.08,1,baseline_sl,-0.10812563169114453,6,layered_sl,failure
1816,bj920892,2025-07-22,20.911286681715573,2025-07,UP,0.0016198704103671,3.0,initial_stop,-0.08,4,baseline_sl,-0.12391810347840171,7,layered_sl,failure
1820,bj920082,2025-07-22,19.735509999929217,2025-07,UP,-0.0004543389368468,8.0,dynamic_stop,0.2,1,baseline_tp,0.44815107001585264,1,layered_tp,shallow
1821,bj920682,2025-07-22,10.280602319491209,2025-07,RANGE,-0.0224299065420557,1.0,dynamic_stop,0.2,1,baseline_tp,0.05538567141139028,22,layered_hold,shallow
1823,sz300897,2025-07-22,19.61248568155785,2025-07,UP,0.0930147058823529,2.0,initial_stop,0.2,1,baseline_tp,0.5750170524634284,1,layered_tp,shallow
1851,bj920892,2025-07-24,19.54584650112867,2025-07,UP,0.0045685279187817,2.0,dynamic_stop,-0.08,14,baseline_sl,0.004817027930426709,22,layered_hold,deep
1921,bj920305,2025-07-30,16.87,2025-07,UP,0.0797011207970113,1.0,initial_stop,0.2,1,baseline_tp,-0.11025487677048995,18,layered_sl,failure
1923,bj920786,2025-07-30,12.24,2025-07,UP,-0.009124087591241,2.0,initial_stop,-0.08,2,baseline_sl,-0.1307189261991214,3,layered_sl,failure
1938,bj920305,2025-07-31,18.63,2025-07,UP,-0.0548815713460427,5.0,dynamic_stop,-0.08,2,baseline_sl,-0.12614059653003173,3,layered_sl,failure
1971,bj920885,2025-08-04,26.5,2025-08,UP,-0.0072639225181597,3.0,dynamic_stop,-0.08,6,baseline_sl,-0.11698114647055569,8,layered_sl,failure
1974,sz300289,2025-08-04,9.78,2025-08,UP,0.0315186246418337,2.0,initial_stop,-0.08,1,baseline_sl,-0.1687116447401924,2,layered_sl,failure
1992,bj920885,2025-08-05,25.59,2025-08,UP,-0.0072639225181597,3.0,dynamic_stop,-0.08,7,baseline_sl,-0.14615082526495793,22,layered_sl,failure
2008,bj920663,2025-08-06,26.694512414528194,2025-08,UP,0.0152733118971062,3.0,initial_stop,-0.08,4,baseline_sl,-0.12341535761503242,6,layered_sl,failure
2026,bj920706,2025-08-07,25.36859060402685,2025-08,UP,-0.0124567474048442,2.0,initial_stop,0.2,1,baseline_tp,0.03237901319990488,22,layered_hold,moderate
2048,bj920879,2025-08-08,24.28204139680778,2025-08,UP,-0.0044353462981916,2.0,dynamic_stop,0.2,1,baseline_tp,0.03574486212006045,22,layered_hold,shallow
2154,sh603221,2025-08-18,16.94,2025-08,UP,0.0818330605564647,18.0,dynamic_stop,-0.08,1,baseline_sl,-0.10448641816446613,1,layered_sl,failure
2236,bj920223,2025-08-25,14.27,2025-08,UP,0.1999999999999999,2.0,initial_tp,0.2,1,baseline_tp,0.3230553020859568,2,layered_tp,shallow
2349,sh688585,2025-09-02,89.0,2025-09,UP,0.1026666666666666,1.0,initial_stop,-0.08,1,baseline_sl,-0.2010112290971735,2,layered_sl,failure
2384,bj920237,2025-09-04,28.94172494172493,2025-09,RANGE,-0.0026666666666665,2.0,initial_stop,0.2,1,baseline_tp,0.4366801534731368,1,layered_tp,shallow
2418,bj920839,2025-09-08,41.44,2025-09,UP,-0.0165391261416932,3.0,initial_stop,0.2,20,baseline_tp,0.24396716305648036,20,layered_tp,moderate
2462,bj920223,2025-09-11,21.75,2025-09,UP,-0.0459311033449826,2.0,dynamic_stop,-0.08,6,baseline_sl,-0.13471265770923135,6,layered_sl,failure
2480,bj920906,2025-09-12,33.856247033189426,2025-09,UP,-0.017492711370262,2.0,dynamic_stop,-0.08,6,baseline_sl,-0.1165589080771059,7,layered_sl,failure
2481,bj920580,2025-09-12,19.209051532712422,2025-09,UP,-0.0546290971822887,1.0,dynamic_stop,-0.08,3,baseline_sl,-0.11291815285576445,6,layered_sl,failure
2515,bj920906,2025-09-16,34.15497862465874,2025-09,UP,-0.0389610389610389,1.0,dynamic_stop,-0.08,4,baseline_sl,-0.12428579809392415,5,layered_sl,failure
2547,bj920834,2025-09-18,25.508301280660724,2025-09,UP,-0.0168573148705599,1.0,dynamic_stop,-0.08,1,baseline_sl,-0.247303826637172,1,layered_sl,failure
2563,bj920834,2025-09-19,17.836189126246612,2025-09,UP,-0.0168573148705599,1.0,dynamic_stop,-0.08,5,baseline_sl,-0.12088842553804946,8,layered_sl,failure
2579,bj920834,2025-09-22,17.207573935639992,2025-09,UP,-0.0168573148705599,1.0,dynamic_stop,-0.08,7,baseline_sl,-0.12247941296391007,9,layered_sl,failure
2595,bj920834,2025-09-23,17.05015759317559,2025-09,UP,-0.0168573148705599,1.0,dynamic_stop,-0.08,6,baseline_sl,-0.11437766490125723,8,layered_sl,failure
2612,bj920145,2025-09-24,31.01,2025-09,UP,-0.0799999999999999,1.0,initial_stop,-0.08,1,baseline_sl,-0.10190259975911886,1,layered_sl,failure
2737,bj920505,2025-10-13,65.826224328594,2025-10,RANGE,-0.031321084864392,1.0,dynamic_stop,-0.08,3,baseline_sl,-0.1397045532274901,3,layered_sl,failure
2787,sz002370,2025-10-16,7.55,2025-10,RANGE,0.0183615819209039,6.0,initial_stop,-0.08,3,baseline_sl,-0.10860926899688916,3,layered_sl,failure
2822,sh600408,2025-10-20,3.2,2025-10,UP,-0.0799999999999999,1.0,dynamic_stop,-0.08,1,baseline_sl,-0.10625003278255463,2,layered_sl,failure
2860,bj920694,2025-10-22,25.45827174530984,2025-10,RANGE,-0.0548128342245989,4.0,dynamic_stop,-0.08,1,baseline_sl,-0.1476247492354924,2,layered_sl,failure
2931,bj920748,2025-10-28,59.77,2025-10,RANGE,-0.0799999999999999,1.0,initial_stop,0.2,1,baseline_tp,0.2882717082148234,1,layered_tp,deep
2947,bj920748,2025-10-29,62.8,2025-10,RANGE,-0.0799999999999999,1.0,initial_stop,-0.08,2,baseline_sl,-0.10812104583545856,2,layered_sl,failure
2965,bj920748,2025-10-30,58.0,2025-10,RANGE,-0.0726517040731504,3.0,dynamic_stop,-0.08,15,baseline_sl,0.18551727821087005,3,layered_tp,deep
2982,bj920748,2025-10-31,60.15,2025-10,RANGE,-0.0726517040731504,3.0,dynamic_stop,-0.08,2,baseline_sl,-0.10989192160386796,7,layered_sl,failure
2986,sz300300,2025-10-31,10.15,2025-10,UP,0.1999999999999999,1.0,initial_tp,0.2,2,baseline_tp,0.27783253862352786,2,layered_tp,moderate
2987,bj920953,2025-10-31,45.1,2025-10,RANGE,0.0210905349794239,1.0,dynamic_stop,-0.08,4,baseline_sl,-0.11308203991130827,4,layered_sl,failure
3015,bj920748,2025-11-04,60.15,2025-11,RANGE,-0.0076772004999107,4.0,dynamic_stop,-0.08,4,baseline_sl,-0.10989192160386796,5,layered_sl,failure
3018,sz300402,2025-11-04,26.0,2025-11,UP,0.0118530225207427,1.0,dynamic_stop,-0.08,5,baseline_sl,-0.12846154433030343,10,layered_sl,failure
3112,bj920834,2025-11-12,18.889961095728296,2025-11,UP,-0.0011607661056296,8.0,dynamic_stop,-0.08,3,baseline_sl,-0.10587431577781925,6,layered_sl,failure
3126,bj920834,2025-11-13,19.480272379969808,2025-11,UP,-0.0011607661056296,8.0,dynamic_stop,-0.08,2,baseline_sl,-0.1083286465186315,2,layered_sl,failure
3139,bj920748,2025-11-14,63.5,2025-11,RANGE,-0.0733577859286428,1.0,dynamic_stop,-0.08,2,baseline_sl,-0.1335432998777375,2,layered_sl,failure
3154,bj920809,2025-11-17,8.87,2025-11,UP,0.0698324022346368,3.0,initial_stop,-0.08,2,baseline_sl,-0.10710258440879983,2,layered_sl,failure
3171,sz002620,2025-11-18,7.61,2025-11,UP,-0.0131795716639209,1.0,initial_stop,-0.08,1,baseline_sl,-0.13929038229502455,2,layered_sl,failure
3411,sz001203,2025-12-08,27.8,2025-12,RANGE,-0.0092493774457487,1.0,dynamic_stop,-0.08,5,baseline_sl,-0.1014388653871825,6,layered_sl,failure
3499,bj920665,2025-12-15,19.0,2025-12,UP,-0.0202453987730061,1.0,dynamic_stop,-0.08,1,baseline_sl,-0.11421053033126027,1,layered_sl,failure
3693,sz002591,2025-12-30,9.19,2025-12,UP,0.1999999999999999,9.0,initial_tp,-0.08,1,baseline_sl,-0.11643091560836971,1,layered_sl,failure
3743,bj920092,2026-01-06,48.0,2026-01,UP,0.1999999999999999,3.0,initial_tp,-0.08,1,baseline_sl,-0.10708332061767578,1,layered_sl,failure
3745,bj920576,2026-01-06,85.0,2026-01,UP,0.1999999999999999,1.0,initial_tp,0.2,1,baseline_tp,0.2221176147460937,1,layered_tp,moderate
3764,sh600337,2026-01-08,4.27,2026-01,UP,-0.0799999999999999,1.0,dynamic_stop,-0.08,1,baseline_sl,-0.10070259621327593,1,layered_sl,failure
3792,bj920751,2026-01-12,27.99,2026-01,UP,0.0071644042232277,5.0,dynamic_stop,-0.08,1,baseline_sl,-0.12290106334188822,1,layered_sl,failure
3810,bj920575,2026-01-13,10.8,2026-01,RANGE,0.0842639593908629,7.0,initial_stop,-0.08,3,baseline_sl,-0.10277781663117591,3,layered_sl,failure
3827,bj920088,2026-01-14,40.0,2026-01,RANGE,0.1999999999999999,2.0,initial_tp,-0.08,2,baseline_sl,-0.11250000000000004,2,layered_sl,failure
3830,sz301001,2026-01-14,40.46,2026-01,UP,0.1999999999999999,3.0,initial_tp,-0.08,1,baseline_sl,-0.12357886592998879,1,layered_sl,failure
3840,bj920270,2026-01-15,21.108395063288416,2026-01,UP,-0.0323809523809524,1.0,dynamic_stop,-0.08,8,baseline_sl,-0.11693905037493812,9,layered_sl,failure
3889,bj920021,2026-01-20,10.921887416498814,2026-01,UP,0.016638935108153,2.0,initial_stop,0.2,3,baseline_tp,0.2360500969463062,3,layered_tp,moderate
3890,bj920471,2026-01-20,17.35879219804951,2026-01,RANGE,0.1999999999999999,4.0,initial_tp,0.2,7,baseline_tp,0.18095773980769492,4,layered_tp,deep
3926,bj920021,2026-01-22,12.000099336957565,2026-01,UP,0.2285596707818931,2.0,initial_tp,-0.08,4,baseline_sl,-0.11667394712107537,4,layered_sl,failure
3927,bj920394,2026-01-22,57.27419988219124,2026-01,UP,-0.0799999999999999,1.0,initial_stop,-0.08,21,baseline_sl,-0.15581538330394074,22,layered_sl,failure
3930,bj920427,2026-01-22,21.88,2026-01,UP,-0.08,1.0,dynamic_stop,-0.08,1,baseline_sl,-0.2641681726933397,2,layered_sl,failure
3931,bj920640,2026-01-22,46.478742893240685,2026-01,UP,0.0177502138579985,9.0,initial_stop,-0.08,6,baseline_sl,0.1553668929102845,19,layered_tp,deep
3940,bj920021,2026-01-23,12.289619204488154,2026-01,UP,0.2285596707818931,2.0,initial_tp,-0.08,3,baseline_sl,-0.13748341546672016,3,layered_sl,failure
3942,bj920394,2026-01-23,62.22468289809542,2026-01,UP,-0.0799999999999999,1.0,initial_stop,-0.08,3,baseline_sl,-0.10196406850912831,3,layered_sl,failure
3950,bj920640,2026-01-23,48.51903032217309,2026-01,UP,0.0272767267927849,5.0,initial_stop,-0.08,1,baseline_sl,-0.10138355641876884,2,layered_sl,failure
3951,bj920427,2026-01-23,20.5,2026-01,UP,0.0013324450366423,3.0,initial_stop,-0.08,1,baseline_sl,-0.21463412773318402,1,layered_sl,failure
3957,bj920471,2026-01-26,18.16271567891973,2026-01,UP,-0.0145077720207253,3.0,dynamic_stop,-0.08,1,baseline_sl,0.204665620910494,3,layered_tp,deep
3960,bj920634,2026-01-26,29.84202211690363,2026-01,UP,-0.0144927536231884,5.0,dynamic_stop,0.2,3,baseline_tp,0.22980944854106267,3,layered_tp,moderate
3962,bj920088,2026-01-26,40.37,2026-01,UP,0.1999999999999999,1.0,initial_tp,0.2,2,baseline_tp,0.4988852692973298,3,layered_tp,shallow
3976,bj920207,2026-01-27,32.031887081926975,2026-01,UP,-0.0417721518987342,3.0,dynamic_stop,-0.08,6,baseline_sl,-0.10183248385649202,7,layered_sl,failure
3977,bj920414,2026-01-27,17.93,2026-01,UP,-0.077138065958636,1.0,dynamic_stop,-0.08,2,baseline_sl,-0.10652535093342597,2,layered_sl,failure
3978,bj920021,2026-01-27,11.98013244954166,2026-01,UP,0.2285596707818931,2.0,initial_tp,-0.08,1,baseline_sl,-0.11520173703294367,1,layered_sl,failure
4008,bj920207,2026-01-29,31.45455661245781,2026-01,UP,-0.035667107001321,1.0,dynamic_stop,-0.08,5,baseline_sl,-0.11237025464107098,9,layered_sl,failure
4012,bj920227,2026-01-29,82.76233976720201,2026-01,UP,0.0201704886540998,1.0,dynamic_stop,-0.08,12,baseline_sl,-0.10575266063756228,14,layered_sl,failure
4015,bj920019,2026-01-29,26.0,2026-01,UP,-0.0219409282700421,6.0,dynamic_stop,-0.08,2,baseline_sl,-0.14538464179405797,2,layered_sl,failure
4028,bj920471,2026-01-30,19.35371342835709,2026-01,UP,-0.0620399579390115,1.0,dynamic_stop,-0.08,3,baseline_sl,-0.1252324589879521,4,layered_sl,failure
4029,bj920088,2026-01-30,44.5,2026-01,UP,-0.0799999999999999,2.0,initial_stop,-0.08,5,baseline_sl,0.2584269662921348,11,layered_tp,deep
4064,bj920471,2026-02-03,18.877314328582145,2026-02,UP,-0.0173652694610777,4.0,dynamic_stop,-0.08,2,baseline_sl,-0.10315630653338936,2,layered_sl,failure
4068,bj920021,2026-02-03,13.12822847595607,2026-02,UP,0.0126883425852497,1.0,dynamic_stop,0.2,5,baseline_tp,0.33148197216786635,5,layered_tp,deep
4119,bj920046,2026-02-06,27.831241621401364,2026-02,UP,-0.0370898716119828,1.0,dynamic_stop,0.2,12,baseline_tp,0.2338651871780486,12,layered_tp,moderate
4121,bj920471,2026-02-06,18.3115903975994,2026-02,UP,-0.046211714132187,1.0,dynamic_stop,-0.08,4,baseline_sl,-0.1169527209163771,5,layered_sl,failure
4163,sh603729,2026-02-11,23.19,2026-02,UP,-0.0446428571428572,1.0,dynamic_stop,-0.08,2,baseline_sl,-0.17033204954212322,2,layered_sl,failure
4179,sh603729,2026-02-12,20.0,2026-02,UP,-0.0446428571428572,1.0,dynamic_stop,-0.08,6,baseline_sl,-0.11999998092651365,6,layered_sl,failure
4197,sh603533,2026-02-13,35.83,2026-02,UP,-0.044642857142857,5.0,dynamic_stop,-0.08,2,baseline_sl,-0.1495953303557216,2,layered_sl,failure
4300,bj920571,2026-03-03,14.52,2026-03,UP,-0.0549054905490548,8.0,dynamic_stop,-0.08,1,baseline_sl,-0.2169421566419365,1,layered_sl,failure
4301,bj920010,2026-03-03,17.481796515041488,2026-03,RANGE,0.0374414976599064,2.0,dynamic_stop,-0.08,1,baseline_sl,-0.2363484856957766,1,layered_sl,failure
4302,sh603616,2026-03-03,7.69,2026-03,UP,0.0167364016736402,2.0,initial_stop,-0.08,2,baseline_sl,-0.110533140105606,7,layered_sl,failure
4303,bj920351,2026-03-03,27.9,2026-03,RANGE,-0.0185758513931887,2.0,dynamic_stop,-0.08,1,baseline_sl,-0.19354838709677413,1,layered_sl,failure
4319,bj920010,2026-03-04,14.071200731730482,2026-03,UP,0.0374414976599064,2.0,dynamic_stop,-0.08,4,baseline_sl,-0.11166074322196484,4,layered_sl,failure
4336,bj920571,2026-03-05,11.7,2026-03,UP,-0.0549054905490548,8.0,dynamic_stop,-0.08,3,baseline_sl,-0.13504274482401002,3,layered_sl,failure
4337,bj920014,2026-03-05,16.68,2026-03,UP,0.030716723549488,3.0,dynamic_stop,0.2,1,baseline_tp,0.3183453100190745,2,layered_tp,shallow
4338,bj920010,2026-03-05,13.96150320653627,2026-03,UP,0.0374414976599064,2.0,dynamic_stop,-0.08,3,baseline_sl,-0.10468093477585183,3,layered_sl,failure
4405,bj920375,2026-03-11,13.522113787375416,2026-03,UP,-0.0799999999999999,1.0,dynamic_stop,0.2,1,baseline_tp,0.6262250205029762,1,layered_tp,shallow
