3:sh603173,2026-04-01,2026-04-03,2026-04-13,38.8800,43.0600,ADAPTIVE_MA_SUPPORT,持仓到期,0.0483,0.1020,0.0000,5,-0.0524,41.2351,37.9528,228.3000,240,9,0,0.2673,0,0.0326,-0.0743
4:sz002943,2026-04-01,2026-04-02,2026-04-13,44.2200,51.2600,ADAPTIVE_MA_SUPPORT,持仓到期,0.1466,0.1466,-0.0109,6,-0.0200,45.6192,41.8176,227.3000,120,17,0,0.8718,0,0.0492,-0.1431
5:sz002857,2026-04-01,2026-04-03,2026-04-13,20.2400,22.5800,ADAPTIVE_MA_SUPPORT,持仓到期,0.0566,0.1153,0.0000,5,-0.0340,20.9568,19.2104,226.6000,240,16,0,0.2547,0,0.0324,-0.1982
6:sz002683,2026-04-01,2026-04-03,2026-04-13,37.2300,42.1600,ADAPTIVE_MA_SUPPORT,持仓到期,0.1204,0.1268,-0.0036,5,-0.0419,39.0543,35.9455,225.4000,240,9,0,0.3794,0,0.0261,-0.1176
8:sh603315,2026-04-01,2026-04-02,2026-04-13,13.1600,15.9800,ADAPTIVE_MA_SUPPORT,持仓到期,0.1120,0.1683,-0.0379,6,-0.0230,13.9996,12.8853,225.1000,240,10,0,0.2882,0,0.0034,-0.1210
9:sz002562,2026-04-01,2026-04-02,2026-04-13,5.7700,6.1800,ADAPTIVE_MA_SUPPORT,持仓到期,-0.0183,0.0217,-0.0383,6,-0.0386,6.2410,5.7443,224.7000,240,8,0,0.2917,0,0.0288,-0.1262
14:sz300578,2026-04-01,2026-04-02,2026-04-13,19.0700,21.8600,ADAPTIVE_MA_SUPPORT,持仓到期,0.0878,0.1200,-0.0229,6,-0.0480,20.5020,18.8700,221.3000,240,9,0,0.4174,0,0.0042,-0.1044
19:sh600226,2026-04-01,2026-04-02,2026-04-13,4.6000,5.2800,ADAPTIVE_MA_SUPPORT,持仓到期,0.1378,0.1421,0.0000,6,-0.0336,4.7838,4.4030,220.0000,150,9,0,0.3835,0,0.0656,-0.1248
25:sh603232,2026-04-01,2026-04-02,2026-04-13,18.9000,20.0700,ADAPTIVE_MA_SUPPORT,持仓到期,0.0321,0.0478,-0.0133,6,-0.0508,20.1804,18.5740,215.9000,200,9,0,0.4142,0,0.0410,-0.1446
28:sz000655,2026-04-01,2026-04-07,2026-04-13,8.4400,9.0600,ADAPTIVE_MA_SUPPORT,持仓到期,0.0552,0.0681,0.0000,4,-0.0387,8.8239,8.1215,214.2000,240,8,0,0.3697,0,0.0238,-0.1283
31:sz002723,2026-04-01,2026-04-03,2026-04-13,8.5800,10.0500,ADAPTIVE_MA_SUPPORT,持仓到期,0.1504,0.1655,-0.0038,5,-0.0268,8.8608,8.1224,213.9000,60,22,0,0.2595,0,0.0175,-0.1324
34:sz002040,2026-04-01,2026-04-13,2026-04-13,10.0100,10.5500,ADAPTIVE_MA_SUPPORT,持仓到期,0.0084,0.0000,0.0000,0,-0.0200,10.2610,9.4443,213.2000,240,9,0,0.2901,0,0.0311,-0.0856
35:sh600846,2026-04-01,2026-04-02,2026-04-13,11.6400,12.4000,ADAPTIVE_MA_SUPPORT,持仓到期,0.0066,0.0240,-0.0348,6,-0.0228,12.3414,11.3590,213.2000,240,8,0,0.1694,0,0.0247,-0.1270
37:sz002248,2026-04-01,2026-04-07,2026-04-13,11.5000,12.6400,ADAPTIVE_MA_SUPPORT,持仓到期,0.0875,0.0927,0.0000,4,-0.0360,11.9997,11.0445,212.8000,150,9,0,0.3046,0,0.0342,-0.1255
39:sh600637,2026-04-01,2026-04-02,2026-04-13,9.0300,9.7300,ADAPTIVE_MA_SUPPORT,持仓到期,0.0294,0.0467,-0.0286,6,-0.0222,9.5073,8.7505,211.2000,200,8,0,0.3451,0,0.0277,-0.0900
41:sh688680,2026-04-01,2026-04-07,2026-04-13,45.5000,51.1200,ADAPTIVE_MA_SUPPORT,持仓到期,0.0938,0.1206,0.0000,4,-0.0200,46.5504,42.6712,209.9000,150,24,0,0.5458,0,0.0057,-0.1661
42:sh688787,2026-04-01,2026-04-02,2026-04-13,119.0000,134.7400,ADAPTIVE_MA_SUPPORT,持仓到期,0.0608,0.1011,-0.0238,6,-0.0460,127.7856,117.1368,209.4000,90,14,0,0.2665,0,0.0548,-0.1870
46:sh600895,2026-04-01,2026-04-03,2026-04-13,34.0500,38.1700,ADAPTIVE_MA_SUPPORT,持仓到期,0.0612,0.1131,0.0000,5,-0.0375,35.6272,32.7913,208.7000,240,9,0,0.2908,0,0.0243,-0.0809
53:sh600866,2026-04-01,2026-04-13,2026-04-13,6.7600,7.3200,ADAPTIVE_MA_SUPPORT,持仓到期,0.0112,0.0000,0.0000,0,-0.0252,6.9696,6.3888,207.6000,120,23,0,0.1375,0,-0.0003,-0.1032
56:sh600143,2026-04-01,2026-04-07,2026-04-13,15.7100,17.1700,ADAPTIVE_MA_SUPPORT,持仓到期,0.0767,0.0875,0.0000,4,-0.0286,16.2528,14.8984,205.8000,200,12,0,0.3000,0,0.0392,-0.0580
57:sz000021,2026-04-01,2026-04-02,2026-04-13,25.4800,28.6600,ADAPTIVE_MA_SUPPORT,持仓到期,0.1023,0.1183,-0.0058,6,-0.0403,26.7028,24.5773,205.7000,150,4,0,0.3536,0,0.0575,-0.2107
58:sz300250,2026-04-01,2026-04-02,2026-04-13,20.0000,21.8800,ADAPTIVE_MA_SUPPORT,持仓到期,0.0462,0.0672,-0.0245,6,-0.0216,20.9542,19.2863,205.5000,240,9,0,0.3499,0,0.0184,-0.0753
59:sz002772,2026-04-01,2026-04-02,2026-04-13,16.3200,17.8000,ADAPTIVE_MA_SUPPORT,持仓到期,0.0133,0.0853,-0.0001,6,-0.0245,16.8136,15.4753,205.2000,60,7,0,0.1796,0,0.0839,-0.1538
60:sh603901,2026-04-01,2026-04-02,2026-04-13,11.4600,13.0800,ADAPTIVE_MA_SUPPORT,持仓到期,0.1030,0.1298,-0.0102,6,-0.0311,11.9494,10.9983,205.0000,240,9,0,0.3771,0,0.0136,-0.1061
63:sz300473,2026-04-01,2026-04-07,2026-04-13,29.5000,33.1500,ADAPTIVE_MA_SUPPORT,持仓到期,0.0912,0.1147,0.0000,4,-0.0219,30.4032,27.8696,204.0000,200,21,0,0.2115,0,0.0079,-0.1593
66:sz300990,2026-04-01,2026-04-02,2026-04-13,75.5200,90.2200,ADAPTIVE_MA_SUPPORT,持仓到期,0.1540,0.1826,-0.0101,6,-0.0200,77.8464,71.3592,202.7000,120,16,0,0.2048,0,0.0129,-0.1111
68:sh600160,2026-04-01,2026-04-02,2026-04-13,33.4000,35.4400,ADAPTIVE_MA_SUPPORT,持仓到期,0.0084,0.0558,-0.0011,6,-0.0330,34.7127,31.9495,202.3000,200,8,0,0.2716,0,0.0307,-0.1066
69:sz300467,2026-04-01,2026-04-02,2026-04-13,27.1500,30.2600,ADAPTIVE_MA_SUPPORT,持仓到期,0.0630,0.0949,-0.0176,6,-0.0425,28.8636,26.5660,202.3000,120,8,0,0.2327,0,0.0264,-0.0837
72:sh600113,2026-04-01,2026-04-02,2026-04-13,45.0100,48.7800,ADAPTIVE_MA_SUPPORT,持仓到期,-0.0030,0.0313,-0.0350,6,-0.0527,49.2349,45.3158,201.8000,200,4,0,0.2962,0,0.0832,-0.1413
75:sz300249,2026-04-01,2026-04-02,2026-04-13,15.1100,17.6500,ADAPTIVE_MA_SUPPORT,持仓到期,0.1232,0.1486,-0.0167,6,-0.0381,15.9744,14.6432,201.1000,60,18,0,0.2500,0,0.0651,-0.1383
76:sh688365,2026-04-01,2026-04-03,2026-04-13,17.1500,19.6700,ADAPTIVE_MA_SUPPORT,持仓到期,0.0749,0.1466,0.0000,5,-0.0351,17.7792,16.2976,200.0000,150,37,0,0.6424,0,0.0167,-0.0950
79:sh603766,2026-04-01,2026-04-02,2026-04-13,13.4800,15.5200,ADAPTIVE_MA_SUPPORT,持仓到期,0.1062,0.1469,0.0000,6,-0.0200,13.8087,12.7095,199.6000,240,8,0,0.2216,0,0.0226,-0.1261
80:sz001259,2026-04-01,2026-04-03,2026-04-13,29.6400,32.2400,ADAPTIVE_MA_SUPPORT,持仓到期,0.0413,0.0769,-0.0056,5,-0.0242,30.5472,28.0016,199.3000,90,27,0,0.1933,0,0.0296,-0.0977
81:sz300226,2026-04-01,2026-04-07,2026-04-13,23.3200,25.4000,ADAPTIVE_MA_SUPPORT,持仓到期,0.0620,0.0838,0.0000,4,-0.0347,24.2784,22.2552,199.0000,240,34,0,0.3033,0,0.0095,-0.1237
83:sh603169,2026-04-01,2026-04-07,2026-04-13,9.4500,10.1800,ADAPTIVE_MA_SUPPORT,持仓到期,0.0147,0.0519,-0.0236,4,-0.0687,10.3917,9.5645,198.5000,120,10,0,0.3057,0,0.0509,-0.1767
88:sh603191,2026-04-01,2026-04-13,2026-04-13,19.6000,21.8000,ADAPTIVE_MA_SUPPORT,持仓到期,0.0468,0.0000,0.0000,0,-0.0200,20.2368,18.5504,198.0000,60,15,0,0.3134,0,0.1449,-0.1100
91:sz002394,2026-04-01,2026-04-03,2026-04-13,13.1300,14.2200,ADAPTIVE_MA_SUPPORT,持仓到期,0.0366,0.0760,-0.0065,5,-0.0505,13.9192,12.8113,196.7000,120,7,0,0.2516,0,0.0501,-0.1533
95:sh601600,2026-04-01,2026-04-07,2026-04-13,11.0600,12.8000,ADAPTIVE_MA_SUPPORT,持仓到期,0.0940,0.1516,0.0000,4,-0.0523,11.7283,10.7948,195.7000,120,9,0,0.3577,0,0.0699,-0.1695
101:sz002165,2026-04-01,2026-04-02,2026-04-13,8.8900,9.9000,ADAPTIVE_MA_SUPPORT,持仓到期,0.0274,0.0347,-0.0708,6,-0.0216,9.7786,9.0003,194.5000,90,8,0,0.5408,0,0.0568,-0.2479
109:sz300141,2026-04-01,2026-04-03,2026-04-13,12.2000,14.2800,ADAPTIVE_MA_SUPPORT,持仓到期,0.1011,0.1647,0.0000,5,-0.0424,12.8037,11.7845,192.5000,150,5,0,0.3684,0,0.0467,-0.0953
112:sz002469,2026-04-01,2026-04-08,2026-04-13,8.0000,9.1700,ADAPTIVE_MA_SUPPORT,持仓到期,0.0253,0.0398,0.0000,3,-0.0287,8.5056,7.7968,192.1000,150,42,0,0.2140,0,0.0091,-0.1394
114:sz000544,2026-04-01,2026-04-08,2026-04-13,7.8700,8.5900,ADAPTIVE_MA_SUPPORT,持仓到期,0.0086,0.0235,-0.0025,3,-0.0202,8.2464,7.5592,191.8000,90,35,0,0.1127,0,-0.0035,-0.0564
115:sh600569,2026-04-01,2026-04-08,2026-04-13,2.0700,2.2500,ADAPTIVE_MA_SUPPORT,持仓到期,0.0088,0.0225,-0.0141,3,-0.0356,2.2612,2.0813,191.7000,240,8,0,0.2695,0,0.0197,-0.2049
122:sz000825,2026-04-01,2026-04-07,2026-04-13,4.2600,4.5100,ADAPTIVE_MA_SUPPORT,持仓到期,0.0277,0.0534,0.0000,4,-0.0296,4.4119,4.0607,191.0000,200,10,0,0.2860,0,0.0233,-0.0939
124:sz000923,2026-04-01,2026-04-03,2026-04-13,17.5600,19.1100,ADAPTIVE_MA_SUPPORT,持仓到期,0.0591,0.0829,0.0000,5,-0.0239,18.0799,16.6408,190.3000,200,8,0,0.4996,0,0.0346,-0.1195
126:sz002056,2026-04-01,2026-04-07,2026-04-13,17.7700,20.0400,ADAPTIVE_MA_SUPPORT,持仓到期,0.0941,0.1221,0.0000,4,-0.0563,18.9241,17.4177,189.9000,200,2,0,0.3722,0,0.0440,-0.1970
127:sh600497,2026-04-01,2026-04-07,2026-04-13,7.6900,8.4000,ADAPTIVE_MA_SUPPORT,持仓到期,0.0801,0.0879,0.0000,4,-0.0200,7.8792,7.2520,189.8000,120,8,0,0.5208,0,0.0559,-0.1582
131:sz300160,2026-04-01,2026-04-02,2026-04-13,5.2300,5.7200,ADAPTIVE_MA_SUPPORT,持仓到期,-0.0066,0.0135,-0.0432,6,-0.0200,5.5776,5.1128,189.4000,120,28,0,0.0800,0,-0.0027,-0.0729
133:sz300369,2026-04-01,2026-04-03,2026-04-13,7.6500,8.3600,ADAPTIVE_MA_SUPPORT,持仓到期,0.0717,0.0900,-0.0000,5,-0.0268,7.8816,7.2248,188.6000,150,24,0,0.4501,0,0.0188,-0.1627
134:sz300320,2026-04-01,2026-04-02,2026-04-13,9.4000,10.0500,ADAPTIVE_MA_SUPPORT,持仓到期,0.0182,0.0327,-0.0214,6,-0.0200,9.8016,8.9848,188.4000,240,33,0,0.1708,0,-0.0047,-0.1147
141:sz002927,2026-04-01,2026-04-02,2026-04-13,16.2400,18.5400,ADAPTIVE_MA_SUPPORT,持仓到期,0.0035,0.1160,-0.0224,6,-0.0505,17.4970,16.1043,187.6000,200,9,0,0.3208,0,0.0297,-0.1522
143:sz000811,2026-04-01,2026-04-02,2026-04-13,16.6100,19.2500,ADAPTIVE_MA_SUPPORT,持仓到期,0.1082,0.1470,-0.0103,6,-0.0260,17.2320,15.7960,187.5000,60,31,0,0.2303,0,0.0416,-0.0808
145:sz000555,2026-04-01,2026-04-02,2026-04-13,13.7300,15.2200,ADAPTIVE_MA_SUPPORT,持仓到期,0.0718,0.0817,-0.0242,6,-0.0598,14.9644,13.7733,187.5000,240,8,0,0.3484,0,0.0226,-0.2585
146:sz002207,2026-04-01,2026-04-13,2026-04-13,7.5200,9.9700,ADAPTIVE_MA_SUPPORT,持仓到期,0.0596,0.0000,0.0000,0,-0.1190,8.7840,8.0520,187.3000,120,14,0,0.7499,0,0.0544,-0.1839
147:sh600962,2026-04-01,2026-04-02,2026-04-13,18.3200,19.4100,ADAPTIVE_MA_SUPPORT,持仓到期,0.0358,0.0423,-0.0163,6,-0.0364,19.3261,17.7878,187.3000,240,8,0,0.3460,0,0.0250,-0.0748
149:sh603187,2026-04-01,2026-04-02,2026-04-13,13.7600,14.9600,ADAPTIVE_MA_SUPPORT,持仓到期,0.0224,0.0504,-0.0338,6,-0.0200,14.5323,13.3755,187.0000,200,6,0,0.1934,0,0.0274,-0.1297
158:sz002734,2026-04-01,2026-04-07,2026-04-13,17.0800,18.3100,ADAPTIVE_MA_SUPPORT,持仓到期,0.0026,0.0629,-0.0085,4,-0.0200,17.5776,16.1128,186.0000,120,19,0,0.2445,0,0.0020,-0.2089
167:sz300078,2026-04-01,2026-04-07,2026-04-13,3.8800,4.2800,ADAPTIVE_MA_SUPPORT,持仓到期,0.0438,0.0976,0.0000,4,-0.0276,4.0099,3.6908,184.9000,240,9,0,0.3280,0,0.0036,-0.0940
169:sh603057,2026-04-01,2026-04-10,2026-04-13,24.2200,27.0700,ADAPTIVE_MA_SUPPORT,持仓到期,0.0141,0.0252,-0.0068,1,-0.0200,24.8838,22.9030,184.6000,90,8,0,0.4537,0,0.0824,-0.1633
172:sh600828,2026-04-01,2026-04-03,2026-04-13,4.9500,5.3000,ADAPTIVE_MA_SUPPORT,持仓到期,0.0413,0.0654,0.0000,5,-0.0368,5.1648,4.7344,184.4000,150,22,0,0.4604,0,0.0394,-0.1538
173:sz002658,2026-04-01,2026-04-02,2026-04-13,8.0000,8.5500,ADAPTIVE_MA_SUPPORT,持仓到期,0.0243,0.0390,-0.0233,6,-0.0321,8.4621,7.7885,184.3000,240,5,0,0.4013,0,0.0258,-0.1539
177:sh000685,2026-04-01,2026-04-02,2026-04-13,2557.7400,2954.3100,ADAPTIVE_MA_SUPPORT,持仓到期,0.1264,0.1493,0.0000,6,-0.0389,2674.6065,2461.7025,183.5000,150,9,0,0.2048,0,0.0461,-0.0568
179:sz000902,2026-04-01,2026-04-03,2026-04-13,15.2100,16.2300,ADAPTIVE_MA_SUPPORT,持仓到期,0.0329,0.0597,-0.0069,5,-0.0287,15.7684,14.5133,183.1000,150,9,0,0.2393,0,0.0224,-0.1155
180:sz000777,2026-04-01,2026-04-07,2026-04-13,21.2500,22.8400,ADAPTIVE_MA_SUPPORT,持仓到期,0.0526,0.0690,0.0000,4,-0.0268,21.9552,20.1256,182.2000,150,26,0,0.2226,0,0.0154,-0.1433
182:sz002961,2026-04-01,2026-04-07,2026-04-13,21.0400,23.2000,ADAPTIVE_MA_SUPPORT,持仓到期,0.0688,0.0972,0.0000,4,-0.0454,22.1502,20.3870,182.1000,240,4,0,0.2677,0,0.0375,-0.2000
183:sz000059,2026-04-01,2026-04-07,2026-04-13,5.0600,5.5000,ADAPTIVE_MA_SUPPORT,持仓到期,0.0560,0.0776,0.0000,4,-0.0227,5.2032,4.7696,182.0000,150,40,0,0.2730,0,0.0055,-0.1087
184:sz002546,2026-04-01,2026-04-07,2026-04-13,8.5900,9.1600,ADAPTIVE_MA_SUPPORT,持仓到期,0.0402,0.0599,0.0000,4,-0.0215,8.8224,8.0872,181.7000,60,19,0,0.3499,0,0.1204,-0.1196
186:sz300140,2026-04-01,2026-04-02,2026-04-13,6.1600,7.0400,ADAPTIVE_MA_SUPPORT,持仓到期,-0.0468,0.0118,-0.0739,6,-0.0200,6.7872,6.2216,181.5000,90,27,0,0.1955,0,0.0352,-0.1314
187:sh600328,2026-04-01,2026-04-03,2026-04-13,8.0900,9.0700,ADAPTIVE_MA_SUPPORT,持仓到期,0.0860,0.1156,0.0000,5,-0.0419,8.4864,7.7792,181.3000,90,22,0,0.2031,0,0.0399,-0.1731
188:sz000959,2026-03-26,2026-04-14,2026-04-21,4.5000,4.9800,ADAPTIVE_MA_SUPPORT,持仓到期,-0.0129,0.0522,-0.0237,5,-0.0200,4.7034,4.3290,181.3000,150,8,0,0.2494,0,0.0278,-0.1509
192:sh601890,2026-04-01,2026-04-07,2026-04-13,9.8900,10.5700,ADAPTIVE_MA_SUPPORT,持仓到期,0.0431,0.0581,0.0000,4,-0.0226,10.2208,9.4073,180.8000,240,8,0,0.4084,0,0.0144,-0.1491
193:sh688033,2026-04-01,2026-04-02,2026-04-13,7.9700,8.5300,ADAPTIVE_MA_SUPPORT,持仓到期,0.0389,0.0601,-0.0095,6,-0.0200,8.2108,7.5573,180.6000,90,9,0,0.5051,0,0.0609,-0.1969
195:sz002067,2026-04-01,2026-04-08,2026-04-13,4.5400,4.9700,ADAPTIVE_MA_SUPPORT,持仓到期,0.0098,0.0455,-0.0071,3,-0.0406,4.9546,4.5602,180.4000,240,6,0,0.2534,0,0.0194,-0.0896
196:sz002235,2026-04-01,2026-04-13,2026-04-13,9.5700,10.5700,ADAPTIVE_MA_SUPPORT,持仓到期,0.0075,0.0000,0.0000,0,-0.0207,9.8208,9.0024,180.2000,90,11,0,0.1387,0,0.0696,-0.1202
198:sz002121,2026-04-01,2026-04-02,2026-04-13,7.2900,7.9500,ADAPTIVE_MA_SUPPORT,持仓到期,0.0134,0.0331,-0.0418,6,-0.0220,7.7787,7.1595,180.0000,200,3,0,0.3352,0,0.0525,-0.1719
203:sz300684,2026-04-01,2026-04-02,2026-04-13,46.9400,53.9800,ADAPTIVE_MA_SUPPORT,持仓到期,0.1326,0.1443,-0.0037,6,-0.0308,48.6721,44.7978,178.9000,120,8,0,0.2533,0,0.0453,-0.1227
208:sh603171,2026-04-01,2026-04-03,2026-04-13,48.4200,52.3100,ADAPTIVE_MA_SUPPORT,持仓到期,0.0234,0.0750,-0.0011,5,-0.0591,51.7173,47.6005,178.5000,240,9,0,0.6031,0,0.0103,-0.0840
209:sz002173,2026-04-01,2026-04-07,2026-04-13,23.6500,26.6000,ADAPTIVE_MA_SUPPORT,持仓到期,0.0689,0.0773,0.0000,4,-0.0308,24.4224,22.3872,178.3000,120,15,0,0.3178,0,0.0294,-0.1941
210:sh600258,2026-04-01,2026-04-07,2026-04-13,14.7600,16.1200,ADAPTIVE_MA_SUPPORT,持仓到期,0.0206,0.0590,-0.0056,4,-0.0378,15.4272,14.1416,178.2000,120,33,0,0.1274,0,0.0116,-0.0888
217:sh600623,2026-04-01,2026-04-08,2026-04-13,8.8700,10.3900,ADAPTIVE_MA_SUPPORT,持仓到期,0.0769,0.1023,0.0000,3,-0.0200,9.6178,8.8523,177.1000,60,5,0,0.2808,0,0.1109,-0.1375
219:sh603926,2026-04-01,2026-04-02,2026-04-13,17.7300,18.6400,ADAPTIVE_MA_SUPPORT,持仓到期,0.0086,0.0485,-0.0027,6,-0.0200,18.1402,16.6963,176.5000,150,8,0,0.5624,0,0.0489,-0.0786
220:sz300471,2026-04-01,2026-04-02,2026-04-13,12.3800,13.4800,ADAPTIVE_MA_SUPPORT,持仓到期,0.0432,0.0645,-0.0223,6,-0.0308,13.0650,12.0250,176.5000,150,9,0,0.3205,0,0.0270,-0.1783
226:sz002426,2026-04-01,2026-04-03,2026-04-13,3.3000,3.6700,ADAPTIVE_MA_SUPPORT,持仓到期,0.1036,0.1066,0.0000,5,-0.0323,3.4272,3.1416,175.2000,200,27,0,0.3476,0,0.0328,-0.2324
232:sz002164,2026-04-01,2026-04-07,2026-04-13,11.7600,13.8500,ADAPTIVE_MA_SUPPORT,持仓到期,0.1033,0.1719,0.0000,4,-0.0200,12.0600,11.1000,174.5000,240,9,0,0.2322,0,0.0255,-0.0613
233:sz300690,2026-04-01,2026-04-08,2026-04-13,27.9200,31.0000,ADAPTIVE_MA_SUPPORT,持仓到期,0.0420,0.0489,0.0000,3,-0.0349,30.2103,27.8055,174.4000,240,6,0,0.4151,0,0.0318,-0.2793
234:sh600262,2026-04-01,2026-04-03,2026-04-13,23.5400,26.8100,ADAPTIVE_MA_SUPPORT,持仓到期,0.0704,0.1285,-0.0092,5,-0.0323,24.5521,22.5978,174.4000,240,9,0,0.4419,0,0.0237,-0.1130
237:sh688147,2026-04-01,2026-04-02,2026-04-13,60.6000,69.9100,ADAPTIVE_MA_SUPPORT,持仓到期,0.0758,0.1361,-0.0152,6,-0.0774,66.7018,61.3923,173.0000,120,9,0,0.4766,0,0.0600,-0.1078
239:sh603070,2026-04-01,2026-04-03,2026-04-13,13.9500,15.2700,ADAPTIVE_MA_SUPPORT,持仓到期,0.0686,0.0908,-0.0035,5,-0.0200,14.2848,13.0944,172.9000,60,24,0,0.2079,0,0.0621,-0.0926
244:sh603011,2026-04-01,2026-04-07,2026-04-13,19.8600,21.5500,ADAPTIVE_MA_SUPPORT,持仓到期,0.0592,0.0797,0.0000,4,-0.0520,21.0547,19.3788,172.4000,200,9,0,0.3585,0,0.0407,-0.1479
248:sh600732,2026-04-01,2026-04-02,2026-04-13,13.6700,16.0600,ADAPTIVE_MA_SUPPORT,持仓到期,0.1297,0.1447,-0.0256,6,-0.0412,14.6328,13.4680,172.0000,120,6,0,0.0828,0,-0.0087,-0.0813
249:sz000875,2026-04-01,2026-04-03,2026-04-13,6.0100,6.6800,ADAPTIVE_MA_SUPPORT,持仓到期,0.0960,0.1060,0.0000,5,-0.0306,6.2304,5.7112,171.9000,90,22,0,0.2904,0,0.0487,-0.1518
253:sh601700,2026-04-01,2026-04-02,2026-04-13,5.0200,5.3500,ADAPTIVE_MA_SUPPORT,持仓到期,0.0153,0.0329,-0.0179,6,-0.0200,5.2159,4.8008,171.3000,200,9,0,0.3832,0,0.0280,-0.1498
254:sz002585,2026-04-01,2026-04-03,2026-04-13,6.4500,7.0100,ADAPTIVE_MA_SUPPORT,持仓到期,0.0583,0.0752,0.0000,5,-0.0312,6.6912,6.1336,171.0000,90,30,0,0.1956,0,0.0535,-0.1630
255:sh603986,2026-04-01,2026-04-02,2026-04-13,243.0800,269.8400,ADAPTIVE_MA_SUPPORT,持仓到期,0.0620,0.0932,-0.0152,6,-0.0395,256.9785,236.5225,171.0000,90,5,0,0.2951,0,0.0474,-0.1871
256:sh688283,2026-04-01,2026-04-03,2026-04-13,37.2200,40.1000,ADAPTIVE_MA_SUPPORT,持仓到期,0.0381,0.0720,0.0000,5,-0.0345,38.7427,35.6587,171.0000,150,8,0,0.5385,0,0.0464,-0.1205
257:sh603516,2026-04-01,2026-04-02,2026-04-13,126.2600,154.0000,ADAPTIVE_MA_SUPPORT,持仓到期,0.0877,0.1595,-0.0493,6,-0.0563,140.7402,129.5370,170.8000,200,7,0,0.5868,0,0.0823,-0.1646
259:sh688027,2026-04-01,2026-04-02,2026-04-13,515.1800,564.9700,ADAPTIVE_MA_SUPPORT,持仓到期,0.0506,0.0811,-0.0142,6,-0.0482,549.0616,505.3553,170.7000,120,5,0,0.3927,0,0.0961,-0.1577
265:sz300602,2026-04-01,2026-04-02,2026-04-13,28.9900,34.4800,ADAPTIVE_MA_SUPPORT,持仓到期,0.1617,0.1822,-0.0060,6,-0.0255,29.9289,27.5465,169.9000,200,7,0,0.4058,0,0.0459,-0.1437
267:sh600021,2026-04-01,2026-04-02,2026-04-13,17.0800,18.6800,ADAPTIVE_MA_SUPPORT,持仓到期,0.0430,0.0537,-0.0366,6,-0.0408,18.4819,17.0108,169.6000,200,5,0,0.3509,0,0.0601,-0.1230
268:sh600580,2026-04-01,2026-04-07,2026-04-13,34.9000,38.4900,ADAPTIVE_MA_SUPPORT,持仓到期,0.0831,0.0974,0.0000,4,-0.0799,38.1196,35.0853,169.6000,200,9,0,0.2775,0,0.0390,-0.0916
269:sz000682,2026-04-01,2026-04-02,2026-04-13,11.5800,12.4800,ADAPTIVE_MA_SUPPORT,持仓到期,0.0083,0.0374,-0.0374,6,-0.0378,12.5022,11.5070,169.3000,150,9,0,0.2442,0,0.0304,-0.1149
275:sz002396,2026-04-01,2026-04-02,2026-04-13,25.4300,28.8000,ADAPTIVE_MA_SUPPORT,持仓到期,0.1128,0.1269,0.0000,6,-0.0338,26.4516,24.3460,168.2000,240,7,0,0.2578,0,0.0230,-0.1394
277:sh688597,2026-04-01,2026-04-03,2026-04-13,8.3600,9.0800,ADAPTIVE_MA_SUPPORT,持仓到期,0.0534,0.0844,0.0000,5,-0.0200,8.5344,7.8232,168.1000,150,21,0,0.2039,0,0.0185,-0.0688
282:sz300409,2026-04-01,2026-04-02,2026-04-13,24.0100,27.1100,ADAPTIVE_MA_SUPPORT,持仓到期,0.1000,0.1078,-0.0189,6,-0.0413,25.5270,23.4950,166.9000,150,10,0,0.2986,0,0.0480,-0.1583
283:sz002126,2026-04-01,2026-04-07,2026-04-13,40.0600,48.0800,ADAPTIVE_MA_SUPPORT,持仓到期,0.1734,0.1942,0.0000,4,-0.0319,41.5872,38.1216,166.8000,60,22,0,0.2886,0,0.0874,-0.0981
284:sz300506,2026-04-01,2026-04-08,2026-04-13,4.3300,5.0700,ADAPTIVE_MA_SUPPORT,持仓到期,0.1158,0.1337,-0.0184,3,-0.0295,4.6080,4.2240,166.7000,60,35,0,0.1626,0,0.0529,-0.1123
286:sh603228,2026-04-01,2026-04-02,2026-04-13,53.6800,61.4700,ADAPTIVE_MA_SUPPORT,持仓到期,0.1239,0.1348,-0.0090,6,-0.0290,55.7875,51.3468,166.2000,240,6,0,0.2749,0,0.0350,-0.1441
289:sz300118,2026-04-01,2026-04-03,2026-04-13,15.3000,16.9500,ADAPTIVE_MA_SUPPORT,持仓到期,0.0685,0.1023,-0.0043,5,-0.0322,15.8880,14.5640,165.4000,90,24,0,0.5707,0,0.1001,-0.1743
292:sz002518,2026-04-01,2026-04-02,2026-04-13,43.2800,49.1500,ADAPTIVE_MA_SUPPORT,持仓到期,0.0730,0.1077,-0.0246,6,-0.0448,46.4511,42.7535,165.0000,150,10,0,0.3024,0,0.0753,-0.1051
294:sh605069,2026-04-01,2026-04-03,2026-04-13,10.9500,12.3600,ADAPTIVE_MA_SUPPORT,持仓到期,0.1086,0.1232,-0.0032,5,-0.0310,11.3568,10.4104,165.0000,150,27,0,0.3134,0,0.0200,-0.1676
295:sz001234,2026-04-01,2026-04-02,2026-04-13,23.9800,27.5600,ADAPTIVE_MA_SUPPORT,持仓到期,0.0793,0.1161,-0.0289,6,-0.0399,25.7179,23.6708,164.9000,240,7,0,0.1960,0,0.0298,-0.1007
298:sz300969,2026-04-01,2026-04-07,2026-04-13,112.0000,126.7700,ADAPTIVE_MA_SUPPORT,持仓到期,0.0547,0.1300,0.0000,4,-0.0628,119.7120,109.7360,164.5000,90,17,0,0.3126,0,0.0329,-0.1344
299:sz300505,2026-04-01,2026-04-07,2026-04-13,25.8000,29.8300,ADAPTIVE_MA_SUPPORT,持仓到期,0.0633,0.0864,0.0000,4,-0.0970,28.7136,26.3208,163.6000,60,20,0,0.3701,0,0.1308,-0.2472
300:sz002177,2026-04-01,2026-04-02,2026-04-13,7.1600,8.2500,ADAPTIVE_MA_SUPPORT,持仓到期,0.1187,0.1508,0.0000,6,-0.0200,7.3152,6.7056,163.6000,200,15,0,0.2887,0,0.0379,-0.1828
305:sh603823,2026-04-01,2026-04-02,2026-04-13,14.7000,15.7200,ADAPTIVE_MA_SUPPORT,持仓到期,-0.0043,0.0428,-0.0249,6,-0.0228,15.4267,14.1988,161.7000,200,9,0,0.3147,0,0.0369,-0.0990
306:sh601061,2026-04-01,2026-04-02,2026-04-13,11.2200,12.4800,ADAPTIVE_MA_SUPPORT,持仓到期,0.0637,0.0845,-0.0250,6,-0.0214,11.7585,10.8225,161.6000,200,7,0,0.4952,0,0.0422,-0.1243
307:sh603577,2026-04-01,2026-04-07,2026-04-13,10.0300,11.0000,ADAPTIVE_MA_SUPPORT,持仓到期,0.0506,0.0665,0.0000,4,-0.0241,10.3296,9.4688,161.5000,90,23,0,0.1389,0,0.0249,-0.0776
311:sz002545,2026-04-01,2026-04-02,2026-04-13,21.3400,23.3000,ADAPTIVE_MA_SUPPORT,持仓到期,0.0544,0.0728,-0.0174,6,-0.0261,22.3010,20.5258,160.9000,90,10,0,0.3922,0,0.0787,-0.1028
312:sh688201,2026-04-01,2026-04-02,2026-04-13,13.1100,14.0900,ADAPTIVE_MA_SUPPORT,持仓到期,0.0419,0.0653,-0.0088,6,-0.0519,13.9494,12.8390,160.9000,200,8,0,0.2785,0,0.0409,-0.1404
316:sz002270,2026-04-01,2026-04-02,2026-04-13,26.0100,28.7000,ADAPTIVE_MA_SUPPORT,持仓到期,0.0120,0.0616,-0.0379,6,-0.0285,27.8284,25.6133,159.9000,120,9,0,0.3729,0,0.0687,-0.1280
321:sh600685,2026-04-01,2026-04-02,2026-04-13,27.2000,29.0600,ADAPTIVE_MA_SUPPORT,持仓到期,0.0240,0.0441,-0.0228,6,-0.0200,28.4013,26.1405,158.6000,240,10,0,0.3640,0,0.0223,-0.1403
322:sz300279,2026-04-01,2026-04-02,2026-04-13,8.2000,9.0500,ADAPTIVE_MA_SUPPORT,持仓到期,-0.0113,0.0235,-0.0485,6,-0.0200,8.7936,8.0608,158.5000,60,17,0,0.2664,0,0.1247,-0.2216
323:sz000657,2026-04-01,2026-04-02,2026-04-13,45.5500,50.1000,ADAPTIVE_MA_SUPPORT,持仓到期,0.0562,0.0944,0.0000,6,-0.0556,48.4711,44.6127,158.4000,60,9,0,0.4826,0,0.2273,-0.1248
324:sz002090,2026-04-01,2026-04-02,2026-04-13,10.3100,10.9800,ADAPTIVE_MA_SUPPORT,持仓到期,0.0261,0.0289,-0.0285,6,-0.0285,10.9243,10.0548,158.4000,240,9,0,0.2104,0,0.0128,-0.0811
326:sh603269,2026-04-01,2026-04-03,2026-04-13,12.8000,14.8400,ADAPTIVE_MA_SUPPORT,持仓到期,0.1311,0.1536,0.0000,5,-0.0283,13.2384,12.1352,158.1000,60,40,0,0.3954,0,0.0639,-0.1472
328:sz300410,2026-04-01,2026-04-02,2026-04-13,7.5900,8.8400,ADAPTIVE_MA_SUPPORT,持仓到期,0.1119,0.1350,-0.0255,6,-0.0432,8.1405,7.4925,157.8000,240,8,0,0.2195,0,0.0304,-0.1304
329:sz300618,2026-04-01,2026-04-02,2026-04-13,40.4500,44.5000,ADAPTIVE_MA_SUPPORT,持仓到期,0.0681,0.0771,-0.0209,6,-0.0214,42.2200,38.8593,157.8000,240,10,0,0.3282,0,0.0113,-0.0973
330:sh603381,2026-04-01,2026-04-02,2026-04-13,21.7000,23.8300,ADAPTIVE_MA_SUPPORT,持仓到期,0.0130,0.0288,-0.0476,6,-0.0217,23.2896,21.3488,157.7000,60,13,0,0.3281,0,0.0858,-0.1524
332:sz300376,2026-04-01,2026-04-09,2026-04-13,6.0200,6.4900,ADAPTIVE_MA_SUPPORT,持仓到期,-0.0131,0.0260,-0.0196,2,-0.0332,6.3516,5.8460,157.3000,120,5,0,0.3046,0,0.0492,-0.1189
334:sh600893,2026-04-01,2026-04-07,2026-04-13,45.8000,52.4600,ADAPTIVE_MA_SUPPORT,持仓到期,0.1171,0.1315,0.0000,4,-0.0357,47.7312,43.7536,157.0000,60,39,0,0.2827,0,0.1056,-0.1199
335:sh688231,2026-04-01,2026-04-07,2026-04-13,28.4000,34.1700,ADAPTIVE_MA_SUPPORT,持仓到期,0.1583,0.1947,0.0000,4,-0.0358,29.6640,27.1920,157.0000,60,13,0,0.2849,0,0.0689,-0.1101
337:sz002534,2026-04-01,2026-04-03,2026-04-13,15.7100,18.6400,ADAPTIVE_MA_SUPPORT,持仓到期,0.1667,0.1806,0.0000,5,-0.0660,16.9041,15.5585,156.7000,150,10,0,0.2679,0,0.0337,-0.1127
338:sh600172,2026-04-01,2026-04-02,2026-04-13,7.5500,8.7900,ADAPTIVE_MA_SUPPORT,持仓到期,0.0948,0.1539,-0.0089,6,-0.0282,7.8390,7.2150,156.2000,60,9,0,0.4859,0,0.1242,-0.2435
341:sh688600,2026-04-01,2026-04-02,2026-04-13,23.1000,26.6500,ADAPTIVE_MA_SUPPORT,持仓到期,0.1316,0.1479,-0.0020,6,-0.0419,24.2305,22.3018,155.5000,200,8,0,0.2779,0,0.0197,-0.0982
344:sh600096,2026-04-01,2026-04-02,2026-04-13,31.1100,33.9900,ADAPTIVE_MA_SUPPORT,持仓到期,0.0348,0.0569,-0.0326,6,-0.0549,34.0293,31.3205,154.5000,120,6,0,0.3472,0,0.0566,-0.1920
346:sz300724,2026-04-01,2026-04-09,2026-04-13,101.7500,110.6600,ADAPTIVE_MA_SUPPORT,持仓到期,0.0670,0.0778,0.0000,2,-0.0200,104.7648,96.0344,154.0000,90,17,0,0.3950,0,0.0487,-0.2260
349:sh600089,2026-04-01,2026-04-07,2026-04-13,25.2200,27.3700,ADAPTIVE_MA_SUPPORT,持仓到期,0.0621,0.0791,0.0000,4,-0.0407,26.4214,24.3182,153.7000,90,2,0,0.2660,0,0.0604,-0.1007
352:sh600507,2026-04-01,2026-04-07,2026-04-13,5.3600,5.8100,ADAPTIVE_MA_SUPPORT,持仓到期,0.0322,0.0377,0.0000,4,-0.0678,5.7787,5.3188,153.4000,200,8,0,0.2857,0,0.0333,-0.1399
354:sh688433,2026-04-01,2026-04-13,2026-04-13,71.0000,77.5000,ADAPTIVE_MA_SUPPORT,持仓到期,0.0351,0.0000,0.0000,0,-0.0216,72.9312,66.8536,152.6000,90,12,0,0.4085,0,0.1020,-0.1800
355:sz300842,2026-04-01,2026-04-03,2026-04-13,77.8800,85.5800,ADAPTIVE_MA_SUPPORT,持仓到期,0.0713,0.0934,-0.0043,5,-0.0239,80.1888,73.5064,152.6000,90,16,0,0.5348,0,0.0798,-0.1987
356:sz300428,2026-04-01,2026-04-02,2026-04-13,20.0000,21.7500,ADAPTIVE_MA_SUPPORT,持仓到期,0.0450,0.0661,-0.0197,6,-0.0310,21.0547,19.3788,152.5000,240,9,0,0.2978,0,0.0112,-0.1232
358:sh000688,2026-04-01,2026-04-02,2026-04-13,1254.6200,1396.0000,ADAPTIVE_MA_SUPPORT,持仓到期,0.0907,0.1072,-0.0049,6,-0.0261,1294.6812,1191.6220,152.2000,200,9,0,0.2230,0,0.0263,-0.0666
359:sh603212,2026-04-01,2026-04-09,2026-04-13,11.3300,13.5800,ADAPTIVE_MA_SUPPORT,持仓到期,0.0219,0.0354,0.0000,2,-0.0223,12.9312,11.8536,151.8000,150,15,0,0.4145,0,0.0246,-0.0884
363:sh600408,2026-04-01,2026-04-03,2026-04-13,3.0700,3.4700,ADAPTIVE_MA_SUPPORT,持仓到期,0.0300,0.0618,-0.0240,5,-0.0601,3.3466,3.0803,150.9000,200,1,0,0.3678,0,0.0603,-0.2522
364:sz300935,2026-04-01,2026-04-02,2026-04-13,27.1800,30.2900,ADAPTIVE_MA_SUPPORT,持仓到期,0.0441,0.0695,-0.0403,6,-0.0477,29.7379,27.3708,150.9000,200,8,0,0.4417,0,0.0312,-0.1300
365:sh600516,2026-04-01,2026-04-07,2026-04-13,5.3500,5.7100,ADAPTIVE_MA_SUPPORT,持仓到期,0.0469,0.0580,0.0000,4,-0.0274,5.5488,5.0864,150.9000,150,16,0,0.2609,0,0.0303,-0.1424
366:sz300655,2026-04-01,2026-04-02,2026-04-13,13.9500,15.2100,ADAPTIVE_MA_SUPPORT,持仓到期,0.0599,0.0849,-0.0021,6,-0.0272,14.4117,13.2645,150.7000,200,8,0,0.4754,0,0.0446,-0.1148
367:sz300182,2026-04-01,2026-04-07,2026-04-13,5.3800,6.0200,ADAPTIVE_MA_SUPPORT,持仓到期,0.0598,0.1134,0.0000,4,-0.0356,5.6064,5.1392,150.7000,240,23,0,0.6208,0,-0.0001,-0.0840
370:sh600819,2026-04-01,2026-04-02,2026-04-13,6.6500,7.2400,ADAPTIVE_MA_SUPPORT,持仓到期,0.0097,0.0153,-0.0557,6,-0.0200,7.1857,6.6138,148.5000,240,7,0,0.2593,0,0.0255,-0.0915
371:sh688316,2026-04-01,2026-04-02,2026-04-13,64.0000,73.9800,ADAPTIVE_MA_SUPPORT,持仓到期,0.0736,0.1010,-0.0475,6,-0.0484,70.6113,64.9905,148.1000,90,9,0,0.3998,0,0.0511,-0.1639
373:sh603216,2026-04-01,2026-04-02,2026-04-13,31.0300,37.2000,ADAPTIVE_MA_SUPPORT,持仓到期,-0.0238,0.1669,-0.0266,6,-0.0228,32.6223,30.0255,147.6000,120,8,0,0.8129,0,0.1048,-0.1124
375:sz300657,2026-04-01,2026-04-02,2026-04-13,27.5900,31.2800,ADAPTIVE_MA_SUPPORT,持仓到期,0.0945,0.1109,-0.0202,6,-0.0200,28.7328,26.3384,147.5000,90,27,0,0.1504,0,0.0064,-0.1061
377:sz300260,2026-04-01,2026-04-03,2026-04-13,45.2400,50.3500,ADAPTIVE_MA_SUPPORT,持仓到期,0.0710,0.1059,0.0000,5,-0.0329,47.0742,43.3270,146.8000,200,7,0,0.3784,0,0.0357,-0.0736
379:sz300767,2026-04-01,2026-04-02,2026-04-13,17.9900,21.5000,ADAPTIVE_MA_SUPPORT,持仓到期,0.1514,0.1793,-0.0132,6,-0.0513,19.2156,17.6860,145.9000,200,7,0,0.1839,0,0.0508,-0.1133
381:sh600577,2026-04-01,2026-04-02,2026-04-13,11.7200,12.7300,ADAPTIVE_MA_SUPPORT,持仓到期,0.0397,0.0734,-0.0117,6,-0.0407,12.3615,11.3775,144.6000,120,8,0,0.3025,0,0.0626,-0.1572
382:sz300424,2026-04-01,2026-04-07,2026-04-13,15.8000,17.4500,ADAPTIVE_MA_SUPPORT,持仓到期,0.0945,0.1008,0.0000,4,-0.0200,16.1760,14.8280,144.3000,240,19,0,0.1930,0,0.0040,-0.0787
385:sz002632,2026-04-01,2026-04-02,2026-04-13,11.0800,12.2000,ADAPTIVE_MA_SUPPORT,持仓到期,0.0513,0.0548,-0.0252,6,-0.0327,11.7504,10.7712,143.1000,120,13,0,0.1825,0,0.0343,-0.1412
386:sh688269,2026-04-01,2026-04-07,2026-04-13,36.7100,39.2100,ADAPTIVE_MA_SUPPORT,持仓到期,0.0316,0.0616,0.0000,4,-0.0205,37.7076,34.7060,141.9000,240,8,0,0.4508,0,0.0303,-0.1566
387:sz002703,2026-04-01,2026-04-07,2026-04-13,18.0100,20.4700,ADAPTIVE_MA_SUPPORT,持仓到期,0.0680,0.0912,0.0000,4,-0.0449,18.9504,17.3712,141.5000,90,14,0,0.3309,0,0.0911,-0.2125
388:sh600475,2026-04-01,2026-04-02,2026-04-13,16.4700,18.0500,ADAPTIVE_MA_SUPPORT,持仓到期,0.0236,0.0515,-0.0405,6,-0.0426,17.9292,16.5020,140.5000,200,8,0,0.3338,0,0.0530,-0.1871
389:sz002922,2026-04-01,2026-04-02,2026-04-13,34.0600,40.6800,ADAPTIVE_MA_SUPPORT,持仓到期,0.1020,0.1860,-0.0070,6,-0.0713,36.9337,33.9937,140.1000,90,10,0,0.3435,0,0.0781,-0.0922
391:sz002167,2026-04-01,2026-04-02,2026-04-13,11.6000,12.7800,ADAPTIVE_MA_SUPPORT,持仓到期,0.0638,0.0713,-0.0276,6,-0.0286,12.2811,11.3035,139.0000,240,9,0,0.3580,0,0.0228,-0.1207
393:sh603655,2026-04-01,2026-04-02,2026-04-13,35.5100,40.6000,ADAPTIVE_MA_SUPPORT,持仓到期,0.0908,0.1217,-0.0189,6,-0.0200,36.9337,33.9937,137.3000,200,5,0,0.2924,0,0.0357,-0.1088
394:sz300726,2026-04-01,2026-04-02,2026-04-13,40.7200,43.7500,ADAPTIVE_MA_SUPPORT,持仓到期,0.0599,0.0664,-0.0074,6,-0.0216,41.9286,38.5910,135.9000,200,7,0,0.3512,0,0.0245,-0.1209
395:sz002366,2026-04-01,2026-04-07,2026-04-13,6.9600,7.5000,ADAPTIVE_MA_SUPPORT,持仓到期,0.0351,0.0522,0.0000,4,-0.0745,7.5576,6.9560,135.4000,240,7,0,0.2199,0,0.0294,-0.1249
396:sh603612,2026-04-01,2026-04-02,2026-04-13,23.8000,26.7900,ADAPTIVE_MA_SUPPORT,持仓到期,0.0500,0.0744,-0.0455,6,-0.0265,25.6128,23.4784,134.0000,150,14,0,0.3623,0,0.0307,-0.1988
398:sz300551,2026-04-01,2026-04-02,2026-04-13,13.1500,14.6700,ADAPTIVE_MA_SUPPORT,持仓到期,0.0518,0.0967,-0.0169,6,-0.0362,13.8790,12.7743,132.6000,200,3,0,0.5196,0,0.0587,-0.2728
400:sh688648,2026-04-01,2026-04-02,2026-04-13,49.3000,55.7800,ADAPTIVE_MA_SUPPORT,持仓到期,0.0171,0.0909,-0.0359,6,-0.0543,54.0690,49.7650,132.0000,240,8,0,0.2686,0,0.0518,-0.1288
401:sh688733,2026-04-01,2026-04-02,2026-04-13,25.1900,27.8500,ADAPTIVE_MA_SUPPORT,持仓到期,0.0768,0.0850,-0.0186,6,-0.0467,26.9239,24.7808,131.4000,200,9,0,0.2881,0,0.0442,-0.1941
403:sz300415,2026-04-01,2026-04-02,2026-04-13,23.5000,25.7400,ADAPTIVE_MA_SUPPORT,持仓到期,0.0470,0.0784,-0.0154,6,-0.0262,24.5119,22.5608,130.5000,200,10,0,0.1799,0,0.0188,-0.1057
404:sz001296,2026-04-01,2026-04-03,2026-04-13,23.5000,25.0000,ADAPTIVE_MA_SUPPORT,持仓到期,0.0547,0.0585,0.0000,5,-0.0309,24.3712,22.4313,130.1000,200,9,0,0.2720,0,0.0311,-0.0719
407:sh688082,2026-04-01,2026-04-02,2026-04-13,139.0000,156.6000,ADAPTIVE_MA_SUPPORT,持仓到期,0.0963,0.1210,-0.0044,6,-0.0526,147.4435,135.7068,127.0000,240,9,0,0.4792,0,0.0260,-0.0808
408:sz000525,2026-04-01,2026-04-02,2026-04-13,5.6600,6.5200,ADAPTIVE_MA_SUPPORT,持仓到期,0.0278,0.1244,-0.0239,6,-0.0431,6.0601,5.5778,126.2000,90,10,0,0.2430,0,0.0030,-0.1690
410:sh688233,2026-04-01,2026-04-07,2026-04-13,66.7000,76.4900,ADAPTIVE_MA_SUPPORT,持仓到期,0.0652,0.1209,0.0000,4,-0.0393,71.0334,65.3790,115.7000,120,8,0,0.5417,0,0.0972,-0.1229
411:sh600556,2026-04-01,2026-04-02,2026-04-13,5.7400,6.4900,ADAPTIVE_MA_SUPPORT,持仓到期,0.0460,0.1020,-0.0254,6,-0.0298,6.0702,5.5870,115.6000,200,10,0,0.3982,0,0.0225,-0.0602
414:sh603610,2026-04-01,2026-04-02,2026-04-13,14.8100,16.2900,ADAPTIVE_MA_SUPPORT,持仓到期,0.0341,0.0608,-0.0356,6,-0.0366,15.9393,14.6705,95.2000,240,8,0,0.3192,0,0.0284,-0.2112
416:sh688416,2026-04-01,2026-04-02,2026-04-13,69.4000,79.9400,ADAPTIVE_MA_SUPPORT,持仓到期,0.1055,0.1425,-0.0081,6,-0.0200,71.3952,65.7120,91.7000,120,4,0,0.7031,0,0.0995,-0.2931
