2:sz002163,2026-04-01,,,12.2700,13.0700,ADAPTIVE_MA_SUPPORT,未成交,0.0000,0.0000,0.0000,0,0.0000,12.4320,11.3960,230.3000,200,11,0,0.4304,0,0.0375,-0.0944
7:sz300776,2026-04-01,,,70.9200,84.3400,ADAPTIVE_MA_SUPPORT,未成交,0.0000,0.0000,0.0000,0,0.0000,70.5984,64.7152,225.1000,90,24,0,0.3531,0,0.0343,-0.1109
10:sh688737,2026-04-01,,,23.1100,25.0400,ADAPTIVE_MA_SUPPORT,未成交,0.0000,0.0000,0.0000,0,0.0000,23.5296,21.5688,224.3000,150,24,0,0.2394,0,0.0215,-0.1866
11:sz001266,2026-04-01,,,29.8200,34.1600,ADAPTIVE_MA_SUPPORT,未成交,0.0000,0.0000,0.0000,0,0.0000,30.5376,27.9928,224.0000,150,22,0,0.1961,0,0.0182,-0.1530
12:sz001226,2026-04-01,,,40.5000,45.8800,ADAPTIVE_MA_SUPPORT,未成交,0.0000,0.0000,0.0000,0,0.0000,40.5504,37.1712,222.0000,150,11,0,0.2964,0,0.0175,-0.0820
13:sh688435,2026-04-01,,,40.6000,44.8000,ADAPTIVE_MA_SUPPORT,未成交,0.0000,0.0000,0.0000,0,0.0000,41.1456,37.7168,221.9000,200,20,0,0.5296,0,0.0391,-0.1481
15:sz001212,2026-04-01,,,48.5000,53.1000,ADAPTIVE_MA_SUPPORT,未成交,0.0000,0.0000,0.0000,0,0.0000,47.2416,43.3048,220.9000,200,26,0,0.1837,0,-0.0204,-0.0859
17:sz002983,2026-04-01,,,21.6000,25.2800,ADAPTIVE_MA_SUPPORT,未成交,0.0000,0.0000,0.0000,0,0.0000,21.5904,19.7912,220.5000,150,32,0,0.2438,0,0.0161,-0.1460
18:sz001373,2026-04-01,,,32.7900,36.3000,ADAPTIVE_MA_SUPPORT,未成交,0.0000,0.0000,0.0000,0,0.0000,33.1488,30.3864,220.4000,150,28,0,0.3467,0,0.0217,-0.1524
21:sz002264,2026-04-01,,,7.8200,8.4600,ADAPTIVE_MA_SUPPORT,未成交,0.0000,0.0000,0.0000,0,0.0000,7.8048,7.1544,217.8000,200,13,0,0.5480,0,0.0237,-0.0785
22:sh600638,2026-04-01,,,5.7000,6.0800,ADAPTIVE_MA_SUPPORT,未成交,0.0000,0.0000,0.0000,0,0.0000,5.7792,5.2976,217.1000,240,19,0,0.2650,0,0.0157,-0.1165
23:sz002125,2026-04-01,,,12.4000,13.6800,ADAPTIVE_MA_SUPPORT,未成交,0.0000,0.0000,0.0000,0,0.0000,12.8064,11.7392,216.7000,240,11,0,0.1807,0,0.0188,-0.1404
24:sz000758,2026-04-01,,,6.3600,6.8700,ADAPTIVE_MA_SUPPORT,未成交,0.0000,0.0000,0.0000,0,0.0000,6.2592,5.7376,216.0000,200,12,0,0.4607,0,0.0328,-0.0989
26:sz300632,2026-04-01,,,13.3500,17.1800,ADAPTIVE_MA_SUPPORT,未成交,0.0000,0.0000,0.0000,0,0.0000,12.9792,11.8976,214.9000,240,25,0,0.1547,0,0.0043,-0.1229
27:sz002044,2026-04-01,,,5.2100,5.7300,ADAPTIVE_MA_SUPPORT,未成交,0.0000,0.0000,0.0000,0,0.0000,5.4240,4.9720,214.6000,200,26,0,0.3988,0,0.0105,-0.0667
29:sz001358,2026-04-01,,,25.5100,27.4500,ADAPTIVE_MA_SUPPORT,未成交,0.0000,0.0000,0.0000,0,0.0000,25.1232,23.0296,214.0000,240,15,0,0.2031,0,0.0151,-0.1297
30:sz000723,2026-04-01,,,4.4200,4.7700,ADAPTIVE_MA_SUPPORT,未成交,0.0000,0.0000,0.0000,0,0.0000,4.5600,4.1800,214.0000,240,23,0,0.1966,0,0.0071,-0.1605
32:sz300985,2026-04-01,,,19.6700,21.7400,ADAPTIVE_MA_SUPPORT,未成交,0.0000,0.0000,0.0000,0,0.0000,19.9008,18.2424,213.8000,120,28,0,0.3749,0,0.0217,-0.1784
33:sz300001,2026-04-01,,,26.4900,29.3000,ADAPTIVE_MA_SUPPORT,未成交,0.0000,0.0000,0.0000,0,0.0000,26.2176,24.0328,213.3000,150,17,0,0.2356,0,0.0320,-0.1033
36:sh688079,2026-04-01,,,12.1600,16.1300,ADAPTIVE_MA_SUPPORT,未成交,0.0000,0.0000,0.0000,0,0.0000,11.8080,10.8240,213.1000,150,21,0,0.2101,0,0.0146,-0.1172
38:sz300629,2026-04-01,,,21.3700,23.2500,ADAPTIVE_MA_SUPPORT,未成交,0.0000,0.0000,0.0000,0,0.0000,21.5136,19.7208,212.4000,120,13,0,0.2898,0,0.0294,-0.1620
40:sh688118,2026-04-01,,,26.2100,29.3800,ADAPTIVE_MA_SUPPORT,未成交,0.0000,0.0000,0.0000,0,0.0000,26.8704,24.6312,210.2000,200,23,0,0.3420,0,0.0230,-0.1359
43:sh601619,2026-04-01,,,4.9800,5.7300,ADAPTIVE_MA_SUPPORT,未成交,0.0000,0.0000,0.0000,0,0.0000,4.9632,4.5496,209.2000,120,12,0,0.3826,0,0.0501,-0.1296
44:sh605507,2026-04-01,,,25.0100,26.0600,ADAPTIVE_MA_SUPPORT,未成交,0.0000,0.0000,0.0000,0,0.0000,24.5376,22.4928,209.2000,90,30,0,0.1730,0,0.0341,-0.1140
45:sz300446,2026-04-01,,,19.2200,20.9200,ADAPTIVE_MA_SUPPORT,未成交,0.0000,0.0000,0.0000,0,0.0000,18.9024,17.3272,209.1000,240,11,0,0.3206,0,0.0050,-0.0726
47:sh000044,2026-04-01,,,4445.0200,4616.3500,ADAPTIVE_MA_SUPPORT,未成交,0.0000,0.0000,0.0000,0,0.0000,4502.4402,4144.0370,208.4000,200,9,0,0.0846,0,0.0154,-0.0511
48:sz002843,2026-04-01,,,20.3300,25.0000,ADAPTIVE_MA_SUPPORT,未成交,0.0000,0.0000,0.0000,0,0.0000,20.0160,18.3480,208.3000,90,12,0,0.4668,0,0.0329,-0.1399
49:sh688432,2026-04-01,,,13.2500,14.7400,ADAPTIVE_MA_SUPPORT,未成交,0.0000,0.0000,0.0000,0,0.0000,13.1136,12.0208,208.1000,120,27,0,0.3276,0,0.0293,-0.1065
50:sh605399,2026-04-01,,,13.5000,15.1800,ADAPTIVE_MA_SUPPORT,未成交,0.0000,0.0000,0.0000,0,0.0000,13.4304,12.3112,207.9000,200,19,0,0.2195,0,0.0236,-0.1204
51:sz002483,2026-04-01,,,6.5800,7.1000,ADAPTIVE_MA_SUPPORT,未成交,0.0000,0.0000,0.0000,0,0.0000,6.6528,6.0984,207.9000,200,20,0,0.2011,0,0.0167,-0.1375
52:sh688334,2026-04-01,,,20.6200,21.6900,ADAPTIVE_MA_SUPPORT,未成交,0.0000,0.0000,0.0000,0,0.0000,20.1984,18.5152,207.7000,150,22,0,0.2461,0,0.0227,-0.0651
54:sz000060,2026-04-01,,,5.9600,6.4400,ADAPTIVE_MA_SUPPORT,未成交,0.0000,0.0000,0.0000,0,0.0000,5.9712,5.4736,207.5000,120,17,0,0.4813,0,0.0349,-0.1062
55:sh688199,2026-04-01,,,23.5200,26.6500,ADAPTIVE_MA_SUPPORT,未成交,0.0000,0.0000,0.0000,0,0.0000,23.9893,22.0798,206.1000,240,8,0,0.3815,0,0.0262,-0.1094
62:sh688448,2026-04-01,,,51.0400,57.9900,ADAPTIVE_MA_SUPPORT,未成交,0.0000,0.0000,0.0000,0,0.0000,51.1680,46.9040,204.2000,90,20,0,0.3350,0,0.0689,-0.0789
64:sz000779,2026-04-01,,,8.3900,9.0300,ADAPTIVE_MA_SUPPORT,未成交,0.0000,0.0000,0.0000,0,0.0000,8.6112,7.8936,203.7000,120,36,0,0.2216,0,-0.0002,-0.0934
67:sh688326,2026-04-01,,,110.8800,119.6600,ADAPTIVE_MA_SUPPORT,未成交,0.0000,0.0000,0.0000,0,0.0000,112.9920,103.5760,202.7000,120,17,0,0.3907,0,0.0041,-0.1057
70:sz000803,2026-04-01,,,8.0500,8.9500,ADAPTIVE_MA_SUPPORT,未成交,0.0000,0.0000,0.0000,0,0.0000,8.0064,7.3392,202.1000,90,30,0,0.3520,0,0.0580,-0.1352
71:sh688155,2026-04-01,,,72.2100,82.7900,ADAPTIVE_MA_SUPPORT,未成交,0.0000,0.0000,0.0000,0,0.0000,71.7792,65.7976,202.1000,90,20,0,0.3566,0,0.0469,-0.1128
73:sh603379,2026-04-01,,,60.6100,64.3900,ADAPTIVE_MA_SUPPORT,未成交,0.0000,0.0000,0.0000,0,0.0000,59.9904,54.9912,201.5000,90,30,0,0.2538,0,0.0372,-0.0958
74:sz002925,2026-04-01,,,18.7800,20.3700,ADAPTIVE_MA_SUPPORT,未成交,0.0000,0.0000,0.0000,0,0.0000,18.9696,17.3888,201.4000,120,23,0,0.2297,0,0.0199,-0.1216
77:sz003039,2026-04-01,,,14.1600,14.9700,ADAPTIVE_MA_SUPPORT,未成交,0.0000,0.0000,0.0000,0,0.0000,14.0736,12.9008,200.0000,200,22,0,0.2647,0,0.0132,-0.1161
78:sh601005,2026-04-01,,,1.3800,1.4400,ADAPTIVE_MA_SUPPORT,未成交,0.0000,0.0000,0.0000,0,0.0000,1.3920,1.2760,199.7000,240,32,0,0.1589,0,0.0074,-0.1118
82:sz300048,2026-04-01,,,6.4100,6.9300,ADAPTIVE_MA_SUPPORT,未成交,0.0000,0.0000,0.0000,0,0.0000,6.3360,5.8080,198.7000,120,15,0,0.3446,0,0.0242,-0.1750
84:sh600568,2026-04-01,,,2.6400,3.1200,ADAPTIVE_MA_SUPPORT,未成交,0.0000,0.0000,0.0000,0,0.0000,2.6400,2.4200,198.5000,60,22,0,0.1880,0,0.0286,-0.1150
85:sz300821,2026-04-01,,,10.9500,14.4900,ADAPTIVE_MA_SUPPORT,未成交,0.0000,0.0000,0.0000,0,0.0000,10.5696,9.6888,198.3000,200,15,0,0.3518,0,0.0438,-0.1568
86:sh000687,2026-04-01,,,1275.9000,1382.9700,ADAPTIVE_MA_SUPPORT,未成交,0.0000,0.0000,0.0000,0,0.0000,1261.5168,1156.3904,198.3000,150,11,0,0.1733,0,0.0229,-0.0555
87:sh688786,2026-04-01,,,29.4000,31.8300,ADAPTIVE_MA_SUPPORT,未成交,0.0000,0.0000,0.0000,0,0.0000,29.0496,26.6288,198.2000,120,22,0,0.2922,0,0.0258,-0.1450
89:sh600785,2026-04-01,,,16.3800,18.1500,ADAPTIVE_MA_SUPPORT,未成交,0.0000,0.0000,0.0000,0,0.0000,16.6080,15.2240,197.8000,90,31,0,0.6049,0,0.0594,-0.0953
90:sh600372,2026-04-01,,,12.6600,13.2500,ADAPTIVE_MA_SUPPORT,未成交,0.0000,0.0000,0.0000,0,0.0000,12.5088,11.4664,197.5000,200,25,0,0.2960,0,0.0163,-0.0789
92:sz002478,2026-04-01,,,10.0000,11.7900,ADAPTIVE_MA_SUPPORT,未成交,0.0000,0.0000,0.0000,0,0.0000,10.5424,9.7033,196.3000,60,7,0,0.3216,0,0.1133,-0.1093
93:sz002815,2026-04-01,,,13.4500,14.9500,ADAPTIVE_MA_SUPPORT,未成交,0.0000,0.0000,0.0000,0,0.0000,13.3440,12.2320,196.0000,200,11,0,0.1897,0,0.0323,-0.1297
94:sz300648,2026-04-01,,,50.0600,53.2800,ADAPTIVE_MA_SUPPORT,未成交,0.0000,0.0000,0.0000,0,0.0000,50.0352,45.8656,195.8000,120,18,0,0.2471,0,0.0263,-0.0918
96:sz002261,2026-04-01,,,33.2200,36.8100,ADAPTIVE_MA_SUPPORT,未成交,0.0000,0.0000,0.0000,0,0.0000,33.0912,30.3336,195.4000,150,27,0,0.2781,0,0.0199,-0.1197
97:sh688297,2026-04-01,,,46.9100,50.1800,ADAPTIVE_MA_SUPPORT,未成交,0.0000,0.0000,0.0000,0,0.0000,47.2800,43.3400,195.2000,240,42,0,0.3282,0,0.0175,-0.1035
98:sz001326,2026-04-01,,,50.0500,56.7000,ADAPTIVE_MA_SUPPORT,未成交,0.0000,0.0000,0.0000,0,0.0000,49.5264,45.3992,195.0000,90,15,0,0.3312,0,0.0399,-0.1750
99:sz002554,2026-04-01,,,3.5100,3.9400,ADAPTIVE_MA_SUPPORT,未成交,0.0000,0.0000,0.0000,0,0.0000,3.4944,3.2032,195.0000,120,19,0,0.4111,0,0.0396,-0.1042
100:sh600596,2026-04-01,,,10.4000,12.2700,ADAPTIVE_MA_SUPPORT,未成交,0.0000,0.0000,0.0000,0,0.0000,10.8741,10.0085,194.9000,200,9,0,0.2979,0,0.0345,-0.1387
102:sz300296,2026-04-01,,,7.0800,7.7500,ADAPTIVE_MA_SUPPORT,未成交,0.0000,0.0000,0.0000,0,0.0000,7.1808,6.5824,194.0000,60,21,0,0.2962,0,0.0852,-0.1930
103:sh600022,2026-04-01,,,1.4700,1.5500,ADAPTIVE_MA_SUPPORT,未成交,0.0000,0.0000,0.0000,0,0.0000,1.4400,1.3200,194.0000,240,22,0,0.2191,0,0.0120,-0.1356
104:sz300174,2026-04-01,,,15.6800,17.2900,ADAPTIVE_MA_SUPPORT,未成交,0.0000,0.0000,0.0000,0,0.0000,15.3888,14.1064,193.4000,240,47,0,0.0941,0,-0.0004,-0.0617
105:sz300615,2026-04-01,,,13.2700,14.4800,ADAPTIVE_MA_SUPPORT,未成交,0.0000,0.0000,0.0000,0,0.0000,13.1040,12.0120,193.3000,240,32,0,0.2773,0,0.0081,-0.1006
106:sh688510,2026-04-01,,,30.2700,34.2800,ADAPTIVE_MA_SUPPORT,未成交,0.0000,0.0000,0.0000,0,0.0000,30.7488,28.1864,193.2000,90,25,0,0.5757,0,0.0757,-0.1354
107:sz300988,2026-04-01,,,24.4500,28.4600,ADAPTIVE_MA_SUPPORT,未成交,0.0000,0.0000,0.0000,0,0.0000,24.2400,22.2200,192.8000,90,35,0,0.1876,0,0.0307,-0.1039
108:sz300291,2026-04-01,,,6.2900,6.9700,ADAPTIVE_MA_SUPPORT,未成交,0.0000,0.0000,0.0000,0,0.0000,6.4032,5.8696,192.7000,200,18,0,0.5697,0,0.0358,-0.1120
110:sz300170,2026-04-01,,,18.2800,20.7800,ADAPTIVE_MA_SUPPORT,未成交,0.0000,0.0000,0.0000,0,0.0000,18.6240,17.0720,192.5000,240,31,0,0.4988,0,0.0090,-0.1587
111:sz002034,2026-04-01,,,16.6500,19.1800,ADAPTIVE_MA_SUPPORT,未成交,0.0000,0.0000,0.0000,0,0.0000,16.4736,15.1008,192.4000,60,37,0,0.1183,0,0.0353,-0.0743
113:sz002868,2026-04-01,,,36.2800,40.2800,ADAPTIVE_MA_SUPPORT,未成交,0.0000,0.0000,0.0000,0,0.0000,36.2976,33.2728,192.0000,60,31,0,0.1823,0,0.0342,-0.0939
116:sz002785,2026-04-01,,,37.9000,41.0500,ADAPTIVE_MA_SUPPORT,未成交,0.0000,0.0000,0.0000,0,0.0000,37.4880,34.3640,191.6000,120,12,0,0.3060,0,0.0472,-0.1323
117:sz002647,2026-04-01,,,8.4800,10.4100,ADAPTIVE_MA_SUPPORT,未成交,0.0000,0.0000,0.0000,0,0.0000,8.5525,7.8718,191.5000,90,7,0,0.2509,0,0.0645,-0.1198
118:sh688800,2026-04-01,,,80.8700,90.9000,ADAPTIVE_MA_SUPPORT,未成交,0.0000,0.0000,0.0000,0,0.0000,80.6208,73.9024,191.5000,90,20,0,0.3038,0,0.0394,-0.1515
119:sz000929,2026-04-01,,,8.7500,9.9300,ADAPTIVE_MA_SUPPORT,未成交,0.0000,0.0000,0.0000,0,0.0000,8.8992,8.1576,191.4000,120,29,0,0.2046,0,0.0280,-0.1089
120:sz002872,2026-04-01,,,4.8800,5.2400,ADAPTIVE_MA_SUPPORT,未成交,0.0000,0.0000,0.0000,0,0.0000,4.8864,4.4792,191.3000,120,29,0,0.1066,0,0.0104,-0.0515
121:sz002258,2026-04-01,,,14.1400,15.2400,ADAPTIVE_MA_SUPPORT,未成交,0.0000,0.0000,0.0000,0,0.0000,14.1792,12.9976,191.0000,90,28,0,0.2224,0,0.0394,-0.1112
123:sh600603,2026-04-01,,,6.5800,7.0900,ADAPTIVE_MA_SUPPORT,未成交,0.0000,0.0000,0.0000,0,0.0000,6.6336,6.0808,190.9000,60,16,0,0.1970,0,0.0436,-0.1573
125:sh688580,2026-04-01,,,51.0000,59.9500,ADAPTIVE_MA_SUPPORT,未成交,0.0000,0.0000,0.0000,0,0.0000,51.4080,47.1240,190.2000,90,27,0,0.2241,0,0.0225,-0.1116
128:sh688548,2026-04-01,,,22.1200,24.8000,ADAPTIVE_MA_SUPPORT,未成交,0.0000,0.0000,0.0000,0,0.0000,21.1008,19.3424,189.7000,60,11,0,0.3648,0,0.1849,-0.1349
129:sz002880,2026-04-01,,,26.4300,27.8900,ADAPTIVE_MA_SUPPORT,未成交,0.0000,0.0000,0.0000,0,0.0000,26.8416,24.6048,189.6000,200,15,0,0.2084,0,-0.0001,-0.1078
132:sh600452,2026-04-01,,,10.6800,11.8000,ADAPTIVE_MA_SUPPORT,未成交,0.0000,0.0000,0.0000,0,0.0000,10.7520,9.8560,189.3000,90,12,0,0.5000,0,0.0806,-0.2224
135:sz002623,2026-04-01,,,20.9500,22.3800,ADAPTIVE_MA_SUPPORT,未成交,0.0000,0.0000,0.0000,0,0.0000,20.9760,19.2280,188.3000,90,16,0,0.5536,0,0.0354,-0.1163
136:sz002195,2026-04-01,,,8.5100,9.3200,ADAPTIVE_MA_SUPPORT,未成交,0.0000,0.0000,0.0000,0,0.0000,8.5536,7.8408,187.9000,90,20,0,0.2533,0,0.0534,-0.1326
137:sz001218,2026-04-01,,,23.7100,25.4900,ADAPTIVE_MA_SUPPORT,未成交,0.0000,0.0000,0.0000,0,0.0000,24.0576,22.0528,187.9000,60,16,0,0.1123,0,0.0366,-0.1137
139:sh600100,2026-04-01,,,7.6600,8.1700,ADAPTIVE_MA_SUPPORT,未成交,0.0000,0.0000,0.0000,0,0.0000,7.7472,7.1016,187.8000,240,15,0,0.2408,0,0.0037,-0.1134
140:sz002259,2026-04-01,,,5.0200,5.5800,ADAPTIVE_MA_SUPPORT,未成交,0.0000,0.0000,0.0000,0,0.0000,4.9056,4.4968,187.6000,60,24,0,0.2549,0,0.1101,-0.0792
142:sz002151,2026-04-01,,,35.7200,38.4500,ADAPTIVE_MA_SUPPORT,未成交,0.0000,0.0000,0.0000,0,0.0000,35.3664,32.4192,187.5000,150,11,0,0.3687,0,0.0434,-0.2166
144:sh688273,2026-04-01,,,37.0400,44.9600,ADAPTIVE_MA_SUPPORT,未成交,0.0000,0.0000,0.0000,0,0.0000,37.8624,34.7072,187.5000,200,14,0,0.2916,0,0.0369,-0.2048
148:sz002414,2026-04-01,,,12.6700,13.8200,ADAPTIVE_MA_SUPPORT,未成交,0.0000,0.0000,0.0000,0,0.0000,13.0047,11.9695,187.0000,200,8,0,0.4389,0,0.0379,-0.0978
150:sh603638,2026-04-01,,,19.1500,20.7400,ADAPTIVE_MA_SUPPORT,未成交,0.0000,0.0000,0.0000,0,0.0000,19.0944,17.5032,186.7000,150,27,0,0.2997,0,0.0146,-0.0886
151:sz000581,2026-04-01,,,19.9500,21.3200,ADAPTIVE_MA_SUPPORT,未成交,0.0000,0.0000,0.0000,0,0.0000,19.9296,18.2688,186.7000,240,32,0,0.2524,0,-0.0031,-0.1384
152:sh600888,2026-04-01,,,7.8100,8.5600,ADAPTIVE_MA_SUPPORT,未成交,0.0000,0.0000,0.0000,0,0.0000,7.9897,7.3538,186.5000,200,9,0,0.2762,0,0.0223,-0.1560
153:sh601880,2026-04-01,,,1.6100,1.7300,ADAPTIVE_MA_SUPPORT,未成交,0.0000,0.0000,0.0000,0,0.0000,1.5840,1.4520,186.5000,200,34,0,0.1116,0,0.0130,-0.0782
154:sz300206,2026-04-01,,,12.9000,15.0300,ADAPTIVE_MA_SUPPORT,未成交,0.0000,0.0000,0.0000,0,0.0000,12.9792,11.8976,186.5000,150,30,0,0.1817,0,0.0120,-0.1017
156:sh601121,2026-04-01,,,7.1400,7.7500,ADAPTIVE_MA_SUPPORT,未成交,0.0000,0.0000,0.0000,0,0.0000,7.1808,6.5824,186.3000,150,11,0,0.2409,0,0.0220,-0.1104
157:sz000636,2026-04-01,,,18.4100,20.6800,ADAPTIVE_MA_SUPPORT,未成交,0.0000,0.0000,0.0000,0,0.0000,18.4800,16.9400,186.0000,90,21,0,0.4287,0,0.0503,-0.1506
159:sz002452,2026-04-01,,,9.8500,10.6600,ADAPTIVE_MA_SUPPORT,未成交,0.0000,0.0000,0.0000,0,0.0000,9.9264,9.0992,185.9000,60,18,0,0.2665,0,0.1148,-0.1351
160:sz002054,2026-04-01,,,8.1600,8.7500,ADAPTIVE_MA_SUPPORT,未成交,0.0000,0.0000,0.0000,0,0.0000,8.1024,7.4272,185.9000,120,23,0,0.4319,0,0.0472,-0.0780
161:sh688689,2026-04-01,,,31.8000,37.4800,ADAPTIVE_MA_SUPPORT,未成交,0.0000,0.0000,0.0000,0,0.0000,30.7968,28.2304,185.7000,60,30,0,0.2458,0,0.0796,-0.1895
162:sh601096,2026-04-01,,,5.4400,5.8100,ADAPTIVE_MA_SUPPORT,未成交,0.0000,0.0000,0.0000,0,0.0000,5.3664,4.9192,185.6000,60,23,0,0.3160,0,0.1273,-0.1217
163:sz002380,2026-04-01,,,30.0600,35.6800,ADAPTIVE_MA_SUPPORT,未成交,0.0000,0.0000,0.0000,0,0.0000,30.9888,28.4064,185.6000,60,27,0,0.3320,0,0.0928,-0.1498
164:sh605178,2026-04-01,,,65.0000,79.5000,ADAPTIVE_MA_SUPPORT,未成交,0.0000,0.0000,0.0000,0,0.0000,62.4096,57.2088,185.3000,60,14,0,0.1834,0,0.0722,-0.0699
166:sz002851,2026-04-01,,,93.6300,108.0000,ADAPTIVE_MA_SUPPORT,未成交,0.0000,0.0000,0.0000,0,0.0000,96.2688,88.2464,184.9000,90,20,0,0.4000,0,0.0717,-0.1420
168:sh600737,2026-04-01,,,13.9300,14.6800,ADAPTIVE_MA_SUPPORT,未成交,0.0000,0.0000,0.0000,0,0.0000,13.9393,12.8298,184.8000,240,3,0,0.3587,0,0.0320,-0.1001
170:sh601222,2026-04-01,,,5.7700,6.2200,ADAPTIVE_MA_SUPPORT,未成交,0.0000,0.0000,0.0000,0,0.0000,5.8464,5.3592,184.6000,60,32,0,0.1290,0,0.0461,-0.0691
171:sh600273,2026-04-01,,,8.9100,9.5100,ADAPTIVE_MA_SUPPORT,未成交,0.0000,0.0000,0.0000,0,0.0000,8.8704,8.1312,184.6000,150,32,0,0.3265,0,0.0101,-0.0992
174:sh603757,2026-04-01,,,40.2700,58.6900,ADAPTIVE_MA_SUPPORT,未成交,0.0000,0.0000,0.0000,0,0.0000,40.6560,37.2680,184.3000,90,31,0,0.2255,0,0.0218,-0.1872
175:sh601369,2026-04-01,,,9.8800,10.6400,ADAPTIVE_MA_SUPPORT,未成交,0.0000,0.0000,0.0000,0,0.0000,9.9456,9.1168,183.8000,90,17,0,0.2110,0,0.0422,-0.0806
176:sh600583,2026-04-01,,,6.5100,7.1500,ADAPTIVE_MA_SUPPORT,未成交,0.0000,0.0000,0.0000,0,0.0000,6.3936,5.8608,183.6000,60,28,0,0.3085,0,0.0714,-0.0779
178:sh603606,2026-04-01,,,56.8400,62.9000,ADAPTIVE_MA_SUPPORT,未成交,0.0000,0.0000,0.0000,0,0.0000,57.3792,52.5976,183.5000,90,25,0,0.1749,0,-0.0009,-0.1186
181:sh603328,2026-04-01,,,11.0400,12.9700,ADAPTIVE_MA_SUPPORT,未成交,0.0000,0.0000,0.0000,0,0.0000,11.0208,10.1024,182.2000,90,40,0,0.1715,0,0.0147,-0.0927
185:sh600550,2026-04-01,,,14.3800,15.7600,ADAPTIVE_MA_SUPPORT,未成交,0.0000,0.0000,0.0000,0,0.0000,14.6688,13.4464,181.5000,60,21,0,0.2812,0,0.1579,-0.1320
189:sh603028,2026-04-01,,,7.9900,8.6900,ADAPTIVE_MA_SUPPORT,未成交,0.0000,0.0000,0.0000,0,0.0000,8.3040,7.6120,181.3000,150,24,0,0.2379,0,0.0161,-0.0969
190:sh600130,2026-04-01,,,4.1500,4.6000,ADAPTIVE_MA_SUPPORT,未成交,0.0000,0.0000,0.0000,0,0.0000,4.1088,3.7664,180.9000,90,19,0,0.1312,0,0.0226,-0.0563
191:sz002967,2026-04-01,,,19.7600,20.8900,ADAPTIVE_MA_SUPPORT,未成交,0.0000,0.0000,0.0000,0,0.0000,20.2105,18.6017,180.9000,240,10,0,0.3259,0,0.0060,-0.0753
194:sz300887,2026-04-01,,,9.5800,10.3700,ADAPTIVE_MA_SUPPORT,未成交,0.0000,0.0000,0.0000,0,0.0000,9.6480,8.8440,180.4000,120,27,0,0.3529,0,0.0453,-0.1909
197:sz002886,2026-04-01,,,19.7600,22.0000,ADAPTIVE_MA_SUPPORT,未成交,0.0000,0.0000,0.0000,0,0.0000,19.9584,18.2952,180.1000,240,25,0,0.2774,0,0.0073,-0.1867
199:sz300352,2026-04-01,,,6.3600,7.1800,ADAPTIVE_MA_SUPPORT,未成交,0.0000,0.0000,0.0000,0,0.0000,6.1056,5.5968,179.8000,150,28,0,0.3015,0,0.0266,-0.0923
200:sz002005,2026-04-01,,,2.6800,2.9100,ADAPTIVE_MA_SUPPORT,未成交,0.0000,0.0000,0.0000,0,0.0000,2.6496,2.4288,179.4000,120,23,0,0.1718,0,0.0324,-0.0772
201:sz300792,2026-04-01,,,32.0600,36.4900,ADAPTIVE_MA_SUPPORT,未成交,0.0000,0.0000,0.0000,0,0.0000,33.2064,30.4392,179.1000,120,27,0,0.4916,0,0.0237,-0.1110
202:sh603031,2026-04-01,,,46.9000,53.8800,ADAPTIVE_MA_SUPPORT,未成交,0.0000,0.0000,0.0000,0,0.0000,46.3392,42.4776,179.0000,90,16,0,0.2899,0,0.0505,-0.1209
204:sz000698,2026-04-01,,,3.7000,3.9200,ADAPTIVE_MA_SUPPORT,未成交,0.0000,0.0000,0.0000,0,0.0000,3.7056,3.3968,178.9000,90,17,0,0.1114,0,0.0074,-0.0700
205:sz002796,2026-04-01,,,45.3100,52.2700,ADAPTIVE_MA_SUPPORT,未成交,0.0000,0.0000,0.0000,0,0.0000,44.5344,40.8232,178.8000,60,14,0,0.4633,0,0.2793,-0.2225
206:sz300991,2026-04-01,,,46.6900,56.0000,ADAPTIVE_MA_SUPPORT,未成交,0.0000,0.0000,0.0000,0,0.0000,46.7712,42.8736,178.6000,60,21,0,0.3712,0,0.1105,-0.1841
207:sz002510,2026-04-01,,,6.7600,7.1600,ADAPTIVE_MA_SUPPORT,未成交,0.0000,0.0000,0.0000,0,0.0000,6.7872,6.2216,178.5000,200,14,0,0.2859,0,0.0105,-0.1001
211:sh605589,2026-04-01,,,29.3100,37.9900,ADAPTIVE_MA_SUPPORT,未成交,0.0000,0.0000,0.0000,0,0.0000,28.3680,26.0040,178.2000,120,20,0,0.2353,0,-0.0027,-0.1110
212:sz300012,2026-04-01,,,14.1900,15.7300,ADAPTIVE_MA_SUPPORT,未成交,0.0000,0.0000,0.0000,0,0.0000,14.3112,13.1720,177.9000,150,8,0,0.1747,0,0.0232,-0.0720
213:sz300163,2026-04-01,,,4.3600,4.8100,ADAPTIVE_MA_SUPPORT,未成交,0.0000,0.0000,0.0000,0,0.0000,4.4160,4.0480,177.8000,120,13,0,0.3017,0,0.0459,-0.0587
214:sz002666,2026-04-01,,,5.0800,5.5400,ADAPTIVE_MA_SUPPORT,未成交,0.0000,0.0000,0.0000,0,0.0000,5.1552,4.7256,177.7000,200,23,0,0.1737,0,0.0141,-0.1145
215:sz300816,2026-04-01,,,63.3600,74.5000,ADAPTIVE_MA_SUPPORT,未成交,0.0000,0.0000,0.0000,0,0.0000,61.1328,56.0384,177.6000,60,28,0,0.2171,0,0.1428,-0.1232
216:sz002128,2026-04-01,,,29.6800,33.0000,ADAPTIVE_MA_SUPPORT,未成交,0.0000,0.0000,0.0000,0,0.0000,28.8576,26.4528,177.3000,60,17,0,0.1669,0,0.0434,-0.0901
218:sh600388,2026-04-01,,,17.8300,19.6500,ADAPTIVE_MA_SUPPORT,未成交,0.0000,0.0000,0.0000,0,0.0000,17.2608,15.8224,176.8000,60,25,0,0.1740,0,0.0493,-0.0547
221:sh603297,2026-04-01,,,100.1000,117.3100,ADAPTIVE_MA_SUPPORT,未成交,0.0000,0.0000,0.0000,0,0.0000,97.4880,89.3640,176.4000,200,19,0,0.2782,0,0.0236,-0.1352
222:sz000852,2026-04-01,,,6.7100,7.3800,ADAPTIVE_MA_SUPPORT,未成交,0.0000,0.0000,0.0000,0,0.0000,6.7776,6.2128,176.3000,240,17,0,0.3576,0,0.0015,-0.1372
223:sz300263,2026-04-01,,,9.1900,10.0800,ADAPTIVE_MA_SUPPORT,未成交,0.0000,0.0000,0.0000,0,0.0000,9.0624,8.3072,176.2000,120,31,0,0.3306,0,0.0304,-0.1234
224:sh603616,2026-04-01,,,5.9300,6.4500,ADAPTIVE_MA_SUPPORT,未成交,0.0000,0.0000,0.0000,0,0.0000,6.1920,5.6760,175.9000,60,21,0,0.4354,0,0.0657,-0.1408
225:sh605003,2026-04-01,,,27.4800,30.1900,ADAPTIVE_MA_SUPPORT,未成交,0.0000,0.0000,0.0000,0,0.0000,27.5328,25.2384,175.5000,120,18,0,0.3131,0,0.0391,-0.1007
227:sh600517,2026-04-01,,,6.1200,6.5200,ADAPTIVE_MA_SUPPORT,未成交,0.0000,0.0000,0.0000,0,0.0000,6.1728,5.6584,174.9000,120,19,0,0.2119,0,0.0272,-0.0922
228:sz300806,2026-04-01,,,44.8000,52.1800,ADAPTIVE_MA_SUPPORT,未成交,0.0000,0.0000,0.0000,0,0.0000,44.0160,40.3480,174.8000,60,26,0,0.3279,0,0.1725,-0.1655
229:sh600481,2026-04-01,,,6.1500,6.6000,ADAPTIVE_MA_SUPPORT,未成交,0.0000,0.0000,0.0000,0,0.0000,6.2496,5.7288,174.8000,200,20,0,0.7763,0,0.0397,-0.1266
230:sz002637,2026-04-01,,,11.0500,12.3800,ADAPTIVE_MA_SUPPORT,未成交,0.0000,0.0000,0.0000,0,0.0000,11.2032,10.2696,174.7000,150,41,0,0.4701,0,0.0235,-0.1898
231:sz300475,2026-04-01,,,121.9500,153.4900,ADAPTIVE_MA_SUPPORT,未成交,0.0000,0.0000,0.0000,0,0.0000,126.6400,116.5593,174.5000,150,2,0,0.4281,0,0.1319,-0.2594
235:sz002533,2026-04-01,,,12.6500,13.7100,ADAPTIVE_MA_SUPPORT,未成交,0.0000,0.0000,0.0000,0,0.0000,12.9216,11.8448,174.2000,90,17,0,0.2333,0,0.0257,-0.1007
236:sz300302,2026-04-01,,,18.6800,23.1000,ADAPTIVE_MA_SUPPORT,未成交,0.0000,0.0000,0.0000,0,0.0000,19.4400,17.8200,173.8000,60,22,0,0.4022,0,0.0487,-0.2892
238:sz002971,2026-04-01,,,28.2400,31.7000,ADAPTIVE_MA_SUPPORT,未成交,0.0000,0.0000,0.0000,0,0.0000,28.5219,26.2515,173.0000,240,8,0,0.2220,0,0.0314,-0.0731
240:sz300373,2026-04-01,,,70.6000,79.6300,ADAPTIVE_MA_SUPPORT,未成交,0.0000,0.0000,0.0000,0,0.0000,71.3952,65.7120,172.7000,150,8,0,0.3186,0,0.0356,-0.0974
241:sz300707,2026-04-01,,,15.0500,16.3500,ADAPTIVE_MA_SUPPORT,未成交,0.0000,0.0000,0.0000,0,0.0000,15.2160,13.9480,172.7000,200,22,0,0.5132,0,0.0169,-0.0763
242:sh600391,2026-04-01,,,37.8000,41.5200,ADAPTIVE_MA_SUPPORT,未成交,0.0000,0.0000,0.0000,0,0.0000,38.4000,35.2000,172.4000,90,19,0,0.4577,0,0.0855,-0.0894
243:sz300228,2026-04-01,,,8.8900,9.5700,ADAPTIVE_MA_SUPPORT,未成交,0.0000,0.0000,0.0000,0,0.0000,9.0048,8.2544,172.4000,120,15,0,0.3946,0,0.0439,-0.1186
247:sz300034,2026-04-01,,,17.3000,19.5800,ADAPTIVE_MA_SUPPORT,未成交,0.0000,0.0000,0.0000,0,0.0000,17.3184,15.8752,172.0000,200,20,0,0.4131,0,0.0200,-0.1072
250:sh601226,2026-04-01,,,8.6500,9.4100,ADAPTIVE_MA_SUPPORT,未成交,0.0000,0.0000,0.0000,0,0.0000,8.9472,8.2016,171.8000,90,15,0,0.3660,0,0.0571,-0.1459
251:sh603663,2026-04-01,,,40.0600,43.6000,ADAPTIVE_MA_SUPPORT,未成交,0.0000,0.0000,0.0000,0,0.0000,40.9536,37.5408,171.6000,60,15,0,0.3339,0,0.0897,-0.1233
252:sz300286,2026-04-01,,,23.6800,25.7100,ADAPTIVE_MA_SUPPORT,未成交,0.0000,0.0000,0.0000,0,0.0000,24.6624,22.6072,171.5000,150,24,0,0.3758,0,0.0340,-0.1686
260:sh601669,2026-04-01,,,5.5500,5.8100,ADAPTIVE_MA_SUPPORT,未成交,0.0000,0.0000,0.0000,0,0.0000,5.5200,5.0600,170.7000,60,27,0,0.2500,0,0.0488,-0.0980
261:sz002300,2026-04-01,,,8.8500,10.0800,ADAPTIVE_MA_SUPPORT,未成交,0.0000,0.0000,0.0000,0,0.0000,9.0816,8.3248,170.5000,90,15,0,0.3161,0,0.0732,-0.1114
262:sz300179,2026-04-01,,,19.9100,25.4300,ADAPTIVE_MA_SUPPORT,未成交,0.0000,0.0000,0.0000,0,0.0000,19.7664,18.1192,170.3000,60,13,0,0.4324,0,0.1249,-0.1731
263:sz300099,2026-04-01,,,8.1000,9.3000,ADAPTIVE_MA_SUPPORT,未成交,0.0000,0.0000,0.0000,0,0.0000,8.1984,7.5152,170.3000,60,14,0,0.1472,0,0.0727,-0.1126
264:sh601118,2026-04-01,,,6.3100,6.8900,ADAPTIVE_MA_SUPPORT,未成交,0.0000,0.0000,0.0000,0,0.0000,6.2400,5.7200,169.9000,90,13,0,0.3133,0,0.0468,-0.1626
266:sz002951,2026-04-01,,,13.9100,15.5600,ADAPTIVE_MA_SUPPORT,未成交,0.0000,0.0000,0.0000,0,0.0000,14.0448,12.8744,169.8000,90,16,0,0.3313,0,0.0110,-0.1431
270:sz300214,2026-04-01,,,6.6900,7.3700,ADAPTIVE_MA_SUPPORT,未成交,0.0000,0.0000,0.0000,0,0.0000,7.0560,6.4680,168.7000,60,26,0,0.1702,0,0.0322,-0.1171
271:sh601298,2026-04-01,,,8.4800,8.8400,ADAPTIVE_MA_SUPPORT,未成交,0.0000,0.0000,0.0000,0,0.0000,8.4288,7.7264,168.7000,200,46,0,0.1344,0,-0.0004,-0.0490
272:sz002339,2026-04-01,,,9.7100,11.0100,ADAPTIVE_MA_SUPPORT,未成交,0.0000,0.0000,0.0000,0,0.0000,9.9456,9.1168,168.4000,90,18,0,0.3075,0,0.0743,-0.1519
273:sz300952,2026-04-01,,,34.4000,37.5400,ADAPTIVE_MA_SUPPORT,未成交,0.0000,0.0000,0.0000,0,0.0000,34.7328,31.8384,168.4000,150,16,0,0.4927,0,0.0370,-0.1098
274:sh688080,2026-04-01,,,50.1000,54.6600,ADAPTIVE_MA_SUPPORT,未成交,0.0000,0.0000,0.0000,0,0.0000,50.5824,46.3672,168.4000,200,25,0,0.2109,0,0.0183,-0.0988
276:sz002492,2026-04-01,,,7.1800,8.0800,ADAPTIVE_MA_SUPPORT,未成交,0.0000,0.0000,0.0000,0,0.0000,7.3566,6.7710,168.1000,240,8,0,0.3640,0,0.0313,-0.1066
278:sz002725,2026-04-01,,,14.7900,16.4500,ADAPTIVE_MA_SUPPORT,未成交,0.0000,0.0000,0.0000,0,0.0000,14.4192,13.2176,168.0000,200,11,0,0.1974,0,0.0249,-0.1033
279:sh600500,2026-04-01,,,4.1400,4.5200,ADAPTIVE_MA_SUPPORT,未成交,0.0000,0.0000,0.0000,0,0.0000,4.2240,3.8720,167.8000,60,26,0,0.1421,0,0.0499,-0.0926
280:sz300570,2026-04-01,,,108.8500,138.5900,ADAPTIVE_MA_SUPPORT,未成交,0.0000,0.0000,0.0000,0,0.0000,107.0016,98.0848,167.4000,200,27,0,0.4184,0,0.0420,-0.1211
281:sz300504,2026-04-01,,,14.6300,16.9200,ADAPTIVE_MA_SUPPORT,未成交,0.0000,0.0000,0.0000,0,0.0000,14.5728,13.3584,167.2000,90,17,0,0.2725,0,0.0277,-0.1630
285:sz300221,2026-04-01,,,9.3600,10.0500,ADAPTIVE_MA_SUPPORT,未成交,0.0000,0.0000,0.0000,0,0.0000,9.3984,8.6152,166.4000,150,16,0,0.3368,0,0.0143,-0.1128
287:sz300388,2026-04-01,,,7.5900,8.1400,ADAPTIVE_MA_SUPPORT,未成交,0.0000,0.0000,0.0000,0,0.0000,7.7280,7.0840,166.1000,240,12,0,0.1157,0,0.0110,-0.0890
288:sh600409,2026-04-01,,,6.7100,7.4700,ADAPTIVE_MA_SUPPORT,未成交,0.0000,0.0000,0.0000,0,0.0000,6.7584,6.1952,165.6000,90,30,0,0.3489,0,0.0617,-0.1741
290:sh600329,2026-04-01,,,40.6000,41.7000,ADAPTIVE_MA_SUPPORT,未成交,0.0000,0.0000,0.0000,0,0.0000,40.9839,37.7215,165.2000,240,6,0,0.1821,0,0.0214,-0.0713
291:sh601198,2026-04-01,,,12.3300,13.0300,ADAPTIVE_MA_SUPPORT,未成交,0.0000,0.0000,0.0000,0,0.0000,11.7696,10.7888,165.2000,200,17,0,0.1951,0,0.0214,-0.0789
293:sh000122,2026-04-01,,,1687.3400,1768.9900,ADAPTIVE_MA_SUPPORT,未成交,0.0000,0.0000,0.0000,0,0.0000,1639.6128,1502.9784,165.0000,90,30,0,0.1609,0,0.0237,-0.1031
296:sz002078,2026-04-01,,,14.5000,15.5200,ADAPTIVE_MA_SUPPORT,未成交,0.0000,0.0000,0.0000,0,0.0000,14.3616,13.1648,164.8000,200,29,0,0.1821,0,0.0098,-0.0847
297:sz002806,2026-04-01,,,12.6100,15.0600,ADAPTIVE_MA_SUPPORT,未成交,0.0000,0.0000,0.0000,0,0.0000,12.2208,11.2024,164.6000,240,34,0,0.3644,0,0.0132,-0.1914
301:sh600986,2026-04-01,,,9.0800,10.6600,ADAPTIVE_MA_SUPPORT,未成交,0.0000,0.0000,0.0000,0,0.0000,9.4656,8.6768,163.5000,120,21,0,0.6721,0,0.0264,-0.0861
302:sh601568,2026-04-01,,,4.0300,4.3500,ADAPTIVE_MA_SUPPORT,未成交,0.0000,0.0000,0.0000,0,0.0000,4.0320,3.6960,162.8000,60,33,0,0.1636,0,0.0453,-0.0923
303:sz300259,2026-04-01,,,4.3000,4.7200,ADAPTIVE_MA_SUPPORT,未成交,0.0000,0.0000,0.0000,0,0.0000,4.4544,4.0832,162.8000,90,17,0,0.1519,0,0.0204,-0.1068
304:sz300599,2026-04-01,,,9.1500,11.0300,ADAPTIVE_MA_SUPPORT,未成交,0.0000,0.0000,0.0000,0,0.0000,9.1857,8.4545,162.2000,90,9,0,0.2631,0,0.0463,-0.1606
308:sh600966,2026-04-01,,,6.2400,6.7700,ADAPTIVE_MA_SUPPORT,未成交,0.0000,0.0000,0.0000,0,0.0000,6.2496,5.7288,161.3000,120,11,0,0.3789,0,0.0591,-0.2282
309:sh600618,2026-04-01,,,11.9200,13.0400,ADAPTIVE_MA_SUPPORT,未成交,0.0000,0.0000,0.0000,0,0.0000,12.0864,11.0792,161.1000,150,11,0,0.4453,0,0.0352,-0.1461
310:sh688359,2026-04-01,,,73.8600,90.5000,ADAPTIVE_MA_SUPPORT,未成交,0.0000,0.0000,0.0000,0,0.0000,73.0560,66.9680,161.0000,90,32,0,0.2468,0,0.0277,-0.1696
313:sh605183,2026-04-01,,,18.2400,19.4600,ADAPTIVE_MA_SUPPORT,未成交,0.0000,0.0000,0.0000,0,0.0000,18.4224,16.8872,160.8000,240,13,0,0.2466,0,0.0127,-0.1976
314:sh603980,2026-04-01,,,6.0900,6.8200,ADAPTIVE_MA_SUPPORT,未成交,0.0000,0.0000,0.0000,0,0.0000,6.1728,5.6584,160.5000,60,29,0,0.3927,0,0.0925,-0.1060
315:sz300777,2026-04-01,,,34.6700,37.8100,ADAPTIVE_MA_SUPPORT,未成交,0.0000,0.0000,0.0000,0,0.0000,34.9248,32.0144,160.1000,240,22,0,0.3491,0,0.0056,-0.1646
317:sh600470,2026-04-01,,,6.3600,7.3100,ADAPTIVE_MA_SUPPORT,未成交,0.0000,0.0000,0.0000,0,0.0000,6.7392,6.1776,159.6000,60,32,0,0.3443,0,0.0848,-0.2553
318:sh603113,2026-04-01,,,6.6700,7.5300,ADAPTIVE_MA_SUPPORT,未成交,0.0000,0.0000,0.0000,0,0.0000,6.7296,6.1688,159.6000,60,16,0,0.2402,0,0.0537,-0.1309
319:sz300710,2026-04-01,,,26.9500,30.2500,ADAPTIVE_MA_SUPPORT,未成交,0.0000,0.0000,0.0000,0,0.0000,26.2752,24.0856,159.5000,120,13,0,0.2461,0,0.0580,-0.0976
320:sz002978,2026-04-01,,,32.0000,33.9500,ADAPTIVE_MA_SUPPORT,未成交,0.0000,0.0000,0.0000,0,0.0000,31.8816,29.2248,159.4000,200,42,0,0.3067,0,0.0104,-0.1026
325:sz002654,2026-04-01,,,12.4100,14.5100,ADAPTIVE_MA_SUPPORT,未成交,0.0000,0.0000,0.0000,0,0.0000,13.0560,11.9680,158.4000,240,20,0,0.2403,0,0.0094,-0.1795
333:sz000922,2026-04-01,,,12.9500,13.8700,ADAPTIVE_MA_SUPPORT,未成交,0.0000,0.0000,0.0000,0,0.0000,13.2288,12.1264,157.3000,120,20,0,0.2010,0,0.0327,-0.1217
336:sz002588,2026-04-01,,,9.9600,10.8400,ADAPTIVE_MA_SUPPORT,未成交,0.0000,0.0000,0.0000,0,0.0000,9.8688,9.0464,156.9000,90,34,0,0.1885,0,0.0204,-0.1253
340:sh600691,2026-04-01,,,3.0300,3.4100,ADAPTIVE_MA_SUPPORT,未成交,0.0000,0.0000,0.0000,0,0.0000,3.1008,2.8424,155.5000,90,17,0,0.5063,0,0.0487,-0.3051
342:sh600740,2026-04-01,,,4.1000,4.4300,ADAPTIVE_MA_SUPPORT,未成交,0.0000,0.0000,0.0000,0,0.0000,4.1184,3.7752,155.3000,90,21,0,0.2730,0,0.0163,-0.1230
343:sh601866,2026-04-01,,,2.6900,3.1500,ADAPTIVE_MA_SUPPORT,未成交,0.0000,0.0000,0.0000,0,0.0000,2.5920,2.3760,154.6000,60,36,0,0.2039,0,0.0321,-0.0621
345:sz000554,2026-04-01,,,7.8500,8.6200,ADAPTIVE_MA_SUPPORT,未成交,0.0000,0.0000,0.0000,0,0.0000,7.9008,7.2424,154.0000,60,26,0,0.4508,0,0.1066,-0.1392
347:sh600775,2026-04-01,,,12.6500,13.9700,ADAPTIVE_MA_SUPPORT,未成交,0.0000,0.0000,0.0000,0,0.0000,13.0272,11.9416,153.9000,90,26,0,0.2518,0,0.0413,-0.1669
348:sh600552,2026-04-01,,,11.6600,13.8500,ADAPTIVE_MA_SUPPORT,未成交,0.0000,0.0000,0.0000,0,0.0000,11.7120,10.7360,153.8000,240,31,0,0.3744,0,-0.0010,-0.1130
350:sz002440,2026-04-01,,,10.8900,12.8400,ADAPTIVE_MA_SUPPORT,未成交,0.0000,0.0000,0.0000,0,0.0000,10.9920,10.0760,153.5000,60,18,0,0.4370,0,0.1499,-0.1048
353:sz000709,2026-04-01,,,2.2600,2.3800,ADAPTIVE_MA_SUPPORT,未成交,0.0000,0.0000,0.0000,0,0.0000,2.2752,2.0856,153.2000,240,30,0,0.1470,0,0.0064,-0.1098
357:sh600578,2026-04-01,,,4.9700,5.2500,ADAPTIVE_MA_SUPPORT,未成交,0.0000,0.0000,0.0000,0,0.0000,4.9344,4.5232,152.4000,90,19,0,0.1587,0,0.0236,-0.0969
360:sh603968,2026-04-01,,,12.2800,14.2200,ADAPTIVE_MA_SUPPORT,未成交,0.0000,0.0000,0.0000,0,0.0000,12.5280,11.4840,151.7000,60,25,0,0.3600,0,0.0615,-0.1054
361:sh603936,2026-04-01,,,12.4700,14.3000,ADAPTIVE_MA_SUPPORT,未成交,0.0000,0.0000,0.0000,0,0.0000,12.5184,11.4752,151.5000,60,35,0,0.2489,0,0.0674,-0.1563
362:sz002284,2026-04-01,,,13.2400,14.4900,ADAPTIVE_MA_SUPPORT,未成交,0.0000,0.0000,0.0000,0,0.0000,13.3564,12.2933,151.1000,200,3,0,0.4043,0,0.0208,-0.1497
368:sz000697,2026-04-01,,,9.1300,10.0800,ADAPTIVE_MA_SUPPORT,未成交,0.0000,0.0000,0.0000,0,0.0000,8.8800,8.1400,149.3000,60,47,0,0.2131,0,0.0331,-0.1151
369:sz300939,2026-04-01,,,35.9000,40.1500,ADAPTIVE_MA_SUPPORT,未成交,0.0000,0.0000,0.0000,0,0.0000,33.6007,31.4166,149.1000,60,30,0,0.3312,0,0.0453,-0.2397
372:sz002119,2026-04-01,,,19.1000,22.3600,ADAPTIVE_MA_SUPPORT,未成交,0.0000,0.0000,0.0000,0,0.0000,19.2288,17.6264,148.0000,90,14,0,0.3921,0,0.0270,-0.1135
374:sz300812,2026-04-01,,,33.4300,41.2200,ADAPTIVE_MA_SUPPORT,未成交,0.0000,0.0000,0.0000,0,0.0000,32.8512,30.1136,147.5000,60,27,0,0.4890,0,0.0813,-0.1074
376:sh688280,2026-04-01,,,9.4700,10.4600,ADAPTIVE_MA_SUPPORT,未成交,0.0000,0.0000,0.0000,0,0.0000,9.5808,8.7824,147.3000,60,25,0,0.2120,0,0.0732,-0.1251
378:sz300508,2026-04-01,,,35.6000,40.2400,ADAPTIVE_MA_SUPPORT,未成交,0.0000,0.0000,0.0000,0,0.0000,35.3280,32.3840,146.0000,120,19,0,0.3393,0,0.0389,-0.1181
380:sz002318,2026-04-01,,,29.2200,32.1800,ADAPTIVE_MA_SUPPORT,未成交,0.0000,0.0000,0.0000,0,0.0000,28.6752,26.2856,144.8000,90,20,0,0.2100,0,0.0453,-0.0814
383:sz002429,2026-04-01,,,9.3300,10.4700,ADAPTIVE_MA_SUPPORT,未成交,0.0000,0.0000,0.0000,0,0.0000,9.2928,8.5184,144.1000,60,15,0,0.2845,0,0.1164,-0.1439
384:sz002012,2026-04-01,,,6.1600,7.0500,ADAPTIVE_MA_SUPPORT,未成交,0.0000,0.0000,0.0000,0,0.0000,6.2688,5.7464,143.9000,90,31,0,0.1748,0,0.0337,-0.0981
390:sz002945,2026-04-01,,,15.5200,16.3000,ADAPTIVE_MA_SUPPORT,未成交,0.0000,0.0000,0.0000,0,0.0000,15.0528,13.7984,140.0000,240,39,0,0.3530,0,0.0047,-0.0621
392:sh688035,2026-04-01,,,52.9000,64.8800,ADAPTIVE_MA_SUPPORT,未成交,0.0000,0.0000,0.0000,0,0.0000,52.5600,48.1800,138.0000,90,24,0,0.4608,0,0.0482,-0.1828
397:sh600339,2026-04-01,,,4.0200,4.8900,ADAPTIVE_MA_SUPPORT,未成交,0.0000,0.0000,0.0000,0,0.0000,3.8304,3.5112,133.7000,60,21,0,0.3892,0,0.0778,-0.0753
399:sz300747,2026-04-01,,,26.7000,33.2800,ADAPTIVE_MA_SUPPORT,未成交,0.0000,0.0000,0.0000,0,0.0000,26.3328,24.1384,132.6000,200,14,0,0.3110,0,0.0304,-0.1316
402:sh688267,2026-04-01,,,27.7800,31.1200,ADAPTIVE_MA_SUPPORT,未成交,0.0000,0.0000,0.0000,0,0.0000,27.0144,24.7632,131.1000,240,34,0,0.1672,0,0.0097,-0.1118
405:sz001360,2026-04-01,,,20.2000,22.0700,ADAPTIVE_MA_SUPPORT,未成交,0.0000,0.0000,0.0000,0,0.0000,20.1984,18.5152,128.2000,120,11,0,0.4723,0,0.0508,-0.0768
412:sh688182,2026-04-01,,,26.4800,28.9600,ADAPTIVE_MA_SUPPORT,未成交,0.0000,0.0000,0.0000,0,0.0000,26.2464,24.0592,108.6000,240,27,0,0.3210,0,-0.0044,-0.0912
413:sz002273,2026-04-01,,,23.0000,31.3400,ADAPTIVE_MA_SUPPORT,未成交,0.0000,0.0000,0.0000,0,0.0000,22.2720,20.4160,104.6000,240,12,0,0.2377,0,0.0045,-0.1277
415:sh603181,2026-04-01,,,14.0400,15.1200,ADAPTIVE_MA_SUPPORT,未成交,0.0000,0.0000,0.0000,0,0.0000,14.3136,13.1208,94.8000,240,16,0,0.2009,0,0.0176,-0.1454
