signal_idx,stock_code,t0_date,zone_tag,dd_tier,position_ratio,trend_tag,golden_trend_t0,support_score,ma_zone,status,target_entry_price,actual_entry_price,entry_day_idx,tp_price,sl_price,exit_price,exit_day_idx,exit_reason,pnl,gt_t0,gt_channel_width,gt_n,gt_k,gt_offset,tp_mult,sl_buffer,gt_at_entry,ema_h_at_entry,channel_at_entry,gap_at_entry,fwd_low,fwd_low_day,fwd_high,fwd_high_day,hold_low,hold_low_day,hold_high,hold_high_day,entry_type
2889,bj920152,2025-10-23,high_zone,5~10%,0.7382,bull_aligned,18.3724,6.0,transition,simulated,18.3724,23.836,5.0,28.1265,21.4524,28.1265,6.0,tp,0.180001,18.3724,3.3731,19.0,1.695,0.95,1.5,0.03,,,,,22.8,4.0,32.3,21.0,23.27,5.0,28.78,6.0,60m
60,bj920171,2025-02-26,high_zone,5~10%,0.7927,bull_aligned,15.0142,4.0,transition,simulated,15.0142,30.7793,11.0,36.3196,27.7014,36.3196,11.0,tp,0.18,15.0142,7.9944,24.0,2.0,0.95,1.5,0.03,,,,,26.07,2.0,38.87,11.0,30.06,11.0,38.87,11.0,60m
270,bj920130,2025-03-13,high_zone,>20%,0.7598,bull_aligned,15.3985,4.0,transition,simulated,15.3985,34.2267,11.0,40.3875,30.804,40.3875,11.0,tp,0.180001,15.3985,6.5863,19.0,2.0,0.95,1.5,0.03,,,,,25.2,15.0,49.5,0.0,32.0,11.0,41.8,11.0,60m
353,bj920130,2025-03-20,main_wave,>20%,0.5907,bull_aligned,16.8844,4.0,transition,simulated,16.8844,34.2267,6.0,40.3875,30.804,40.3875,6.0,tp,0.180001,16.8844,10.0459,18.0,2.0,0.95,2.0,0.03,,,,,25.2,10.0,42.99,8.0,32.0,6.0,41.8,6.0,60m
427,bj920130,2025-03-26,main_wave,>20%,0.5277,bull_aligned,18.4658,5.0,transition,simulated,18.4658,32.3347,10.0,38.1549,29.1012,33.37,12.0,kdj_exit,0.032019,18.4658,11.7051,18.0,2.0,0.95,2.0,0.03,,,,,25.2,6.0,42.99,4.0,31.01,10.0,35.96,12.0,60m
487,bj920130,2025-03-31,main_wave,>20%,0.5084,bull_aligned,19.9653,5.0,transition,simulated,19.9653,32.3347,7.0,38.1549,29.1012,33.37,9.0,kdj_exit,0.032019,19.9653,12.3528,18.0,2.0,0.95,2.0,0.03,,,,,25.2,3.0,42.99,1.0,31.01,7.0,35.96,9.0,60m
154,bj920906,2025-03-05,high_zone,>20%,0.7057,bull_aligned,15.7851,4.0,transition,simulated,15.7851,28.6061,8.0,33.7552,25.7455,33.7552,9.0,tp,0.18,15.7851,6.5671,21.0,2.0,0.95,1.5,0.03,,,,,17.0654,21.0,39.6871,9.0,27.7512,8.0,39.6871,9.0,60m
2480,bj920906,2025-09-12,main_wave,15~20%,0.5377,bull_aligned,20.0305,6.0,transition,simulated,20.0305,32.3526,1.0,38.1761,29.1174,35.1507,2.0,kdj_exit,0.086488,20.0305,7.694,20.0,2.0,0.95,2.0,0.03,,,,,27.324,18.0,36.505,3.0,32.263,1.0,35.7283,2.0,60m
8,bj920627,2025-02-21,main_wave,3~5%,0.6586,bull_aligned,16.2765,4.0,transition,simulated,16.2765,27.1356,3.0,32.02,24.422,32.02,4.0,tp,0.180001,16.2765,6.5235,23.0,2.0,0.95,2.0,0.03,,,,,25.3549,1.0,37.4116,5.0,26.4771,3.0,32.0784,4.0,60m
758,bj920953,2025-04-22,main_wave,5~10%,0.5194,neutral,26.4903,4.0,transition,simulated,26.4903,35.147,5.0,41.4735,31.6323,41.4735,6.0,tp,0.18,26.4903,10.3078,21.0,2.0,0.95,2.0,0.03,,,,,33.8461,1.0,43.0549,7.0,34.9421,5.0,41.902,6.0,60m
3947,bj920207,2026-01-23,main_wave,15~20%,0.3008,bull_aligned,18.4823,6.0,transition,simulated,18.4823,31.1218,3.0,36.7237,28.0096,28.0096,12.0,sl,-0.1,18.4823,8.112,20.0,2.0,0.95,2.0,0.03,,,,,27.7915,12.0,39.6666,21.0,27.7915,12.0,35.1375,3.0,60m
3597,bj920363,2025-12-22,main_wave,5~10%,0.3629,neutral,12.153,4.0,transition,simulated,12.153,15.394,2.0,18.1649,13.8546,14.4318,5.0,ma_support_break,-0.0625,12.153,2.3855,22.0,1.73,0.95,2.0,0.03,,,,,14.3938,6.0,17.6228,12.0,14.4014,5.0,16.2748,2.0,60m
1651,bj920184,2025-07-08,main_wave,5~10%,0.6117,bull_aligned,12.1265,6.0,transition,simulated,12.1265,19.294,10.0,22.7669,17.3646,22.7669,10.0,tp,0.179998,12.1265,3.3152,19.0,2.0,0.95,2.0,0.03,,,,,16.7436,1.0,26.0523,12.0,18.7858,10.0,22.7908,10.0,60m
1715,bj920184,2025-07-14,high_trap,10~15%,0.8362,bull_aligned,12.232,6.0,transition,simulated,12.232,19.294,6.0,22.7669,17.3646,22.7669,6.0,tp,0.179998,12.232,3.9145,19.0,2.0,0.95,2.0,0.03,,,,,18.3496,3.0,26.0523,8.0,18.7858,6.0,22.7908,6.0,60m
1832,bj920706,2025-07-23,high_trap,3~5%,0.8588,neutral,16.2502,4.0,transition,simulated,16.2502,25.8785,11.0,30.5366,23.2906,30.5366,11.0,tp,0.18,16.2502,3.2698,19.0,2.0,0.95,2.0,0.03,,,,,24.3356,8.0,35.7385,1.0,25.0805,11.0,30.9509,11.0,60m
1882,bj920706,2025-07-28,high_zone,15~20%,0.7703,bull_aligned,15.9531,6.0,transition,simulated,15.9531,25.8785,8.0,30.5366,23.2906,30.5366,8.0,tp,0.18,15.9531,4.4289,22.0,2.0,0.95,1.5,0.03,,,,,24.3356,5.0,33.2255,0.0,25.0805,8.0,30.9509,8.0,60m
2440,bj920146,2025-09-09,high_trap,>20%,0.8304,bull_aligned,8.8774,6.0,transition,simulated,8.8774,10.9697,6.0,12.9442,9.8727,9.8727,12.0,sl,-0.1,8.8774,1.3956,21.0,1.562,0.95,2.0,0.03,,,,,9.23,17.0,12.71,6.0,9.79,12.0,12.71,6.0,60m
4195,bj920493,2026-02-12,main_wave,>20%,0.5275,bull_aligned,121.5093,6.0,transition,simulated,121.5093,163.048,10.0,192.3966,146.7432,174.3,11.0,kdj_exit,0.06901,121.5093,37.8333,17.0,2.0,0.95,2.0,0.03,,,,,145.18,21.0,194.0,0.0,160.06,10.0,188.0,10.0,60m
52,bj920834,2025-02-25,high_trap,5~10%,0.8511,bull_aligned,6.5012,4.0,transition,simulated,6.5012,9.724,5.0,11.4743,8.7516,9.9373,6.0,rsi_exit,0.021936,6.5012,1.6703,22.0,2.0,0.95,2.0,0.03,,,,,8.9996,2.0,13.4173,21.0,9.5699,5.0,10.2273,6.0,60m
281,bj920570,2025-03-14,high_zone,>20%,0.7529,bull_aligned,25.0874,4.0,transition,simulated,25.0874,44.4626,4.0,52.4659,40.0164,52.4659,5.0,tp,0.18,25.0874,8.7716,16.0,2.0,0.95,1.5,0.03,,,,,25.6597,14.0,56.6074,0.0,44.2719,4.0,52.6256,5.0,60m
1581,bj920570,2025-07-02,main_wave,15~20%,0.4991,bull_aligned,31.6985,6.0,transition,simulated,31.6985,42.487,6.0,50.1347,38.2383,42.73,7.0,rsi_exit,0.005719,31.6985,7.926,18.0,2.0,0.95,2.0,0.03,,,,,39.5,20.0,47.55,0.0,42.17,6.0,44.49,7.0,60m
1181,bj920579,2025-05-29,main_wave,15~20%,0.4179,bear_aligned,23.5634,5.0,transition,simulated,23.5634,31.5009,7.0,37.1711,28.3508,31.6661,8.0,rsi_exit,0.005243,23.5634,6.8062,20.0,2.0,0.95,2.0,0.03,,,,,27.3207,15.0,34.3032,0.0,31.0367,7.0,31.9657,8.0,60m
71,bj920896,2025-02-26,main_wave,10~15%,0.6693,bull_aligned,13.038,4.0,transition,simulated,13.038,20.4742,4.0,24.1596,18.4268,21.9166,5.0,rsi_exit,0.070447,13.038,4.9646,22.0,2.0,0.95,2.0,0.03,,,,,18.6503,17.0,26.3078,7.0,20.1206,4.0,22.9922,4.0,60m
211,bj920896,2025-03-10,high_trap,>20%,0.8631,bull_aligned,14.0897,4.0,transition,simulated,14.0897,22.7481,4.0,26.8428,20.4733,23.9987,5.0,rsi_exit,0.054976,14.0897,5.8597,16.0,2.0,0.95,2.0,0.03,,,,,12.6704,18.0,25.5579,6.0,22.6271,4.0,24.3342,5.0,60m
80,bj920026,2025-02-27,main_wave,5~10%,0.4675,bull_aligned,13.067,4.0,transition,simulated,13.067,18.2902,2.0,21.5824,16.4611,21.5824,3.0,tp,0.180001,13.067,4.0301,21.0,2.0,0.95,2.0,0.03,,,,,17.6165,1.0,30.2883,8.0,18.0885,2.0,22.3218,3.0,60m
2330,bj920026,2025-09-01,main_wave,10~15%,0.5936,neutral,18.6954,6.0,transition,simulated,18.6954,28.8881,10.0,34.0879,25.9993,30.1609,11.0,kdj_exit,0.044061,18.6954,7.2946,18.0,2.0,0.95,2.0,0.03,,,,,26.0455,20.0,33.1059,4.0,28.7442,10.0,31.868,11.0,60m
2418,bj920839,2025-09-08,main_wave,5~10%,0.5374,bull_aligned,27.4349,6.0,transition,simulated,27.4349,40.4657,6.0,47.7495,36.4191,43.42,7.0,kdj_exit,0.073008,27.4349,10.5503,19.0,2.0,0.95,2.0,0.03,,,,,39.28,2.0,60.86,20.0,40.1,6.0,47.23,6.0,60m
526,bj920284,2025-04-02,main_wave,>20%,0.5031,neutral,16.0574,5.0,transition,simulated,16.0574,22.967,10.0,27.1011,20.6703,24.13,11.0,kdj_exit,0.050638,16.0574,8.06,18.0,2.0,0.95,2.0,0.03,,,,,15.5,1.0,28.0,7.0,22.01,10.0,24.67,11.0,60m
941,bj920284,2025-05-09,main_wave,5~10%,0.4789,neutral,16.1778,5.0,transition,simulated,16.1778,27.019,7.0,31.8824,24.3171,31.8824,7.0,tp,0.179999,16.1778,7.138,23.0,2.0,0.95,2.0,0.03,,,,,25.42,4.0,34.56,7.0,26.41,7.0,34.56,7.0,60m
3011,bj920284,2025-11-03,high_zone,5~10%,0.7059,bull_aligned,24.3008,6.0,transition,simulated,24.3008,41.9703,5.0,49.525,37.7733,43.87,6.0,kdj_exit,0.045262,24.3008,12.7321,18.0,2.0,0.95,1.5,0.03,,,,,39.7,1.0,53.8,9.0,41.74,5.0,46.88,6.0,60m
2400,bj920237,2025-09-05,main_wave,>20%,0.5238,neutral,18.8853,4.0,transition,simulated,18.8853,26.0482,5.0,30.7368,23.4433,26.7078,6.0,rsi_exit,0.025324,18.8853,2.6328,17.0,1.519,0.95,2.0,0.03,,,,,23.3343,19.0,31.7364,0.0,25.7762,5.0,30.434,5.0,60m
2495,bj920237,2025-09-15,main_wave,15~20%,0.455,bull_aligned,18.5088,6.0,transition,simulated,18.5088,26.3484,1.0,31.0911,23.7136,27.0605,2.0,rsi_exit,0.027026,18.5088,4.5946,20.0,1.763,0.95,2.0,0.03,,,,,22.3484,21.0,28.6614,1.0,25.8757,1.0,28.6614,1.0,60m
106,bj920299,2025-02-28,main_wave,3~5%,0.6439,bull_aligned,8.7037,4.0,transition,simulated,8.7037,17.13,8.0,20.2134,15.417,18.712,9.0,rsi_exit,0.092356,8.7037,2.959,21.0,2.0,0.95,2.0,0.03,,,,,13.1696,0.0,21.8636,2.0,16.8349,8.0,19.5617,8.0,60m
394,bj920299,2025-03-24,main_wave,>20%,0.6512,neutral,11.2383,4.0,transition,simulated,11.2383,17.5887,1.0,20.7547,15.8299,15.8299,3.0,sl,-0.099997,11.2383,4.7895,15.0,2.0,0.95,2.0,0.03,,,,,12.8732,8.0,20.441,19.0,15.7086,3.0,18.5737,1.0,60m
493,bj920299,2025-03-31,main_wave,>20%,0.6138,neutral,11.9013,4.0,transition,simulated,11.9013,17.1122,1.0,20.1924,15.401,15.401,3.0,sl,-0.099999,11.9013,4.8779,15.0,2.0,0.95,2.0,0.03,,,,,12.8732,3.0,24.3039,17.0,12.8732,3.0,17.7834,1.0,60m
2496,bj920252,2025-09-15,main_wave,15~20%,0.5662,bull_aligned,16.7939,6.0,transition,simulated,16.7939,31.9159,1.0,37.6608,28.7243,37.6608,3.0,tp,0.18,16.7939,6.4426,19.0,2.0,0.95,2.0,0.03,,,,,26.3715,21.0,37.6899,1.0,31.4166,1.0,37.6899,1.0,60m
652,bj920346,2025-04-14,main_wave,5~10%,0.5886,neutral,21.1775,3.0,transition,simulated,21.1775,26.5687,5.0,31.3511,23.9119,31.3511,6.0,tp,0.179999,21.1775,7.547,24.0,2.0,0.95,2.0,0.03,,,,,25.2959,10.0,31.4692,6.0,25.9774,5.0,31.4692,6.0,60m
851,bj920346,2025-04-29,main_wave,0~3%,0.4918,neutral,20.1602,5.0,transition,simulated,20.1602,27.5074,1.0,32.4588,24.7567,28.269,2.0,kdj_exit,0.027685,20.1602,8.0707,22.0,2.0,0.95,2.0,0.03,,,,,26.6491,0.0,37.04,14.0,27.3602,1.0,30.2839,2.0,60m
1030,bj920123,2025-05-16,high_trap,>20%,0.9358,bull_aligned,11.3415,6.0,transition,simulated,11.3415,21.3567,11.0,25.2009,19.2211,21.7432,15.0,kdj_exit,0.018097,11.3415,5.0826,21.0,2.0,0.95,2.0,0.03,,,,,18.6693,21.0,25.9423,1.0,20.2406,13.0,22.578,11.0,60m
647,bj920856,2025-04-14,main_wave,10~15%,0.5038,neutral,13.5481,5.0,transition,simulated,13.5481,21.6964,11.0,25.6018,19.5268,25.6018,12.0,tp,0.180002,13.5481,6.4331,19.0,2.0,0.95,2.0,0.03,,,,,20.1673,3.0,26.4021,13.0,21.3893,11.0,26.2951,12.0,60m
740,bj920856,2025-04-21,main_wave,5~10%,0.5087,bull_aligned,13.4737,5.0,transition,simulated,13.4737,21.4936,1.0,25.3625,19.3443,21.3893,4.0,form_break,-0.004855,13.4737,6.7574,20.0,2.0,0.95,2.0,0.03,,,,,20.5241,2.0,26.4021,8.0,20.5241,2.0,23.7262,4.0,60m
314,bj920833,2025-03-18,high_trap,>20%,0.8685,bull_aligned,10.3845,4.0,transition,simulated,10.3845,19.3732,11.0,22.8604,17.4359,17.4359,12.0,sl,-0.099998,10.3845,3.7099,19.0,2.0,0.95,2.0,0.03,,,,,14.6265,12.0,25.0825,0.0,14.6265,12.0,21.5906,11.0,60m
658,bj920634,2025-04-14,main_wave,15~20%,0.477,neutral,17.2321,5.0,transition,simulated,17.2321,27.6742,4.0,32.6556,24.9068,29.0256,5.0,kdj_exit,0.048831,17.2321,11.3188,20.0,2.0,0.95,2.0,0.03,,,,,23.3671,10.0,30.7004,5.0,27.6382,4.0,30.7004,5.0,60m
878,bj920976,2025-04-30,main_wave,5~10%,0.3867,neutral,19.2083,5.0,transition,simulated,19.2083,26.7727,10.0,31.5918,24.0954,27.5263,11.0,rsi_exit,0.02815,19.2083,5.8426,20.0,2.0,0.95,2.0,0.03,,,,,24.6785,14.0,28.3826,10.0,26.7663,10.0,28.3826,10.0,60m
887,bj920976,2025-05-06,main_wave,10~15%,0.5056,neutral,19.2568,5.0,transition,simulated,19.2568,26.7727,9.0,31.5918,24.0954,27.5263,10.0,rsi_exit,0.02815,19.2568,5.7315,20.0,2.0,0.95,2.0,0.03,,,,,24.6785,13.0,28.3826,9.0,26.7663,9.0,28.3826,9.0,60m
1556,bj920427,2025-07-01,main_wave,>20%,0.5311,bull_aligned,11.6026,6.0,transition,simulated,11.6026,16.875,6.0,19.9125,15.1875,19.9125,6.0,tp,0.18,11.6026,2.9448,21.0,2.0,0.95,2.0,0.03,,,,,16.01,3.0,22.31,0.0,16.54,6.0,20.95,6.0,60m
323,bj920300,2025-03-18,main_wave,>20%,0.6641,bull_aligned,11.3204,4.0,transition,simulated,11.3204,17.7603,5.0,20.9572,15.9843,15.9843,8.0,sl,-0.1,11.3204,5.0805,17.0,2.0,0.95,2.0,0.03,,,,,14.5,3.0,22.52,0.0,15.66,8.0,18.1,5.0,60m
3670,sz300819,2025-12-26,main_wave,0~3%,0.5665,neutral,20.9714,5.0,transition,simulated,20.9714,34.8719,6.0,39.0566,31.3847,35.4227,7.0,rsi_exit,0.015795,20.9714,5.833,21.0,2.0,0.95,2.0,0.03,,,,,33.028,0.0,44.453,16.0,33.7264,6.0,38.8952,6.0,60m
234,bj920225,2025-03-11,main_wave,>20%,0.6941,bull_aligned,10.1026,4.0,transition,simulated,10.1026,15.7333,9.0,18.5653,14.1599,16.5857,10.0,rsi_exit,0.054183,10.1026,2.1822,15.0,2.0,0.95,2.0,0.03,,,,,11.8596,17.0,18.5492,9.0,15.6484,9.0,18.5492,9.0,60m
298,bj920225,2025-03-17,high_trap,>20%,0.9211,bull_aligned,10.5734,4.0,transition,simulated,10.5734,15.7231,5.0,18.5532,14.1508,16.5857,6.0,rsi_exit,0.054866,10.5734,2.6497,14.0,2.0,0.95,2.0,0.03,,,,,11.8596,13.0,18.5492,5.0,15.6484,5.0,18.5492,5.0,60m
3382,bj920225,2025-12-04,main_wave,10~15%,0.4644,neutral,26.0125,5.0,transition,simulated,26.0125,29.9223,11.0,35.3083,26.9301,30.498,12.0,kdj_exit,0.01924,26.0125,12.3846,18.0,2.0,0.95,2.0,0.03,,,,,27.9582,7.0,39.5916,20.0,29.5618,11.0,32.749,12.0,60m
1110,bj920263,2025-05-23,main_wave,>20%,0.5451,bull_aligned,10.4091,6.0,transition,simulated,10.4091,14.8277,10.0,17.4966,13.3449,15.3,12.0,kdj_exit,0.031855,10.4091,3.282,22.0,2.0,0.95,2.0,0.03,,,,,13.44,18.0,19.35,1.0,14.5,10.0,15.76,11.0,60m
254,bj920871,2025-03-12,high_trap,>20%,0.8203,bull_aligned,10.4319,4.0,transition,simulated,10.4319,14.5983,9.0,17.226,13.1385,15.6977,10.0,kdj_exit,0.075304,10.4319,3.2477,14.0,2.0,0.95,2.0,0.03,,,,,12.1228,16.0,17.9629,2.0,14.158,9.0,17.255,9.0,60m
305,bj920871,2025-03-17,high_trap,>20%,0.8812,bull_aligned,10.7343,4.0,transition,simulated,10.7343,14.5983,6.0,17.226,13.1385,15.6977,7.0,kdj_exit,0.075304,10.7343,3.5781,14.0,2.0,0.95,2.0,0.03,,,,,12.1228,13.0,17.7594,0.0,14.158,6.0,17.255,6.0,60m
434,bj920396,2025-03-26,main_wave,0~3%,0.6797,neutral,13.8795,5.0,transition,simulated,13.8795,27.9856,11.0,33.023,25.187,31.4967,12.0,rsi_exit,0.125463,13.8795,5.015,15.0,2.0,0.95,2.0,0.03,,,,,22.3686,1.0,34.4068,5.0,27.0612,11.0,33.9425,11.0,60m
478,bj920396,2025-03-31,high_trap,5~10%,0.9206,bull_aligned,13.7981,5.0,transition,simulated,13.7981,27.9856,8.0,33.023,25.187,31.4967,9.0,rsi_exit,0.125463,13.7981,5.8035,17.0,2.0,0.95,2.0,0.03,,,,,23.1562,3.0,34.4068,2.0,27.0612,8.0,33.9425,8.0,60m
549,bj920576,2025-04-03,main_wave,5~10%,0.6592,bull_aligned,20.1287,6.0,transition,simulated,20.1287,32.8809,0.0,38.7995,29.5928,36.6688,1.0,rsi_exit,0.115199,20.1287,9.9516,17.0,2.0,0.95,2.0,0.03,,,,,28.8339,0.0,40.6558,2.0,28.8339,0.0,36.6688,1.0,60m
3709,bj920576,2025-12-31,high_zone,5~10%,0.7284,bull_aligned,29.7063,6.0,transition,simulated,29.7063,80.3133,2.0,94.7697,72.282,94.7697,2.0,tp,0.18,29.7063,20.4033,20.0,2.0,0.95,1.5,0.03,,,,,65.57,1.0,124.11,5.0,80.18,2.0,103.88,2.0,60m
3745,bj920576,2026-01-06,main_wave,5~10%,0.6502,bull_aligned,31.5692,6.0,transition,simulated,31.5692,95.7287,11.0,112.9598,86.1558,112.9598,12.0,tp,0.18,31.5692,22.2522,20.0,2.0,0.95,2.0,0.03,,,,,80.18,0.0,124.11,3.0,92.0,11.0,119.0,12.0,60m
3800,bj920576,2026-01-12,high_trap,>20%,0.8324,bull_aligned,35.5865,6.0,transition,simulated,35.5865,95.7287,7.0,112.9598,86.1558,112.9598,8.0,tp,0.18,35.5865,28.6571,19.0,2.0,0.95,2.0,0.03,,,,,83.0,20.0,119.0,8.0,92.0,7.0,119.0,8.0,60m
3875,bj920576,2026-01-19,main_wave,15~20%,0.6916,bull_aligned,40.6092,6.0,transition,simulated,40.6092,96.787,2.0,114.2087,87.1083,114.2087,3.0,tp,0.18,40.6092,36.4036,18.0,2.0,0.95,2.0,0.03,,,,,81.06,19.0,119.0,3.0,92.0,2.0,119.0,3.0,60m
4360,bj920471,2026-03-06,bottom_start,>20%,0.2768,neutral,11.9588,3.0,transition,simulated,11.9588,14.9566,4.0,17.6488,13.461,14.0835,5.0,ma_support_break,-0.058373,11.9588,5.5511,19.0,2.0,0.95,2.5,0.03,,,,,11.91,20.0,16.0785,0.0,13.9843,5.0,15.5822,4.0,60m
1057,bj920873,2025-05-20,main_wave,10~15%,0.5143,neutral,4.4134,6.0,transition,simulated,4.4134,6.067,9.0,7.1591,5.4603,6.35,10.0,kdj_exit,0.046646,4.4134,1.5787,21.0,2.0,0.95,2.0,0.03,,,,,5.83,2.0,7.61,11.0,6.03,9.0,6.82,10.0,60m
1831,bj920873,2025-07-23,high_trap,10~15%,0.9424,bull_aligned,5.4762,6.0,transition,simulated,5.4762,8.767,11.0,10.3451,7.8903,8.44,21.0,expire,-0.037299,5.4762,1.9635,16.0,2.0,0.95,2.0,0.03,,,,,7.96,15.0,10.32,0.0,7.96,15.0,9.1,11.0,60m
1926,bj920873,2025-07-30,main_wave,15~20%,0.6182,bull_aligned,5.5286,6.0,transition,simulated,5.5286,8.767,6.0,10.3451,7.8903,7.8903,20.0,sl,-0.1,5.5286,2.551,17.0,2.0,0.95,2.0,0.03,,,,,7.87,20.0,9.64,0.0,7.87,20.0,9.1,6.0,60m
1170,bj920370,2025-05-29,main_wave,>20%,0.5333,bull_aligned,3.585,6.0,transition,simulated,3.585,4.785,6.0,5.6463,4.3065,4.85,8.0,rsi_exit,0.013584,3.585,0.8187,21.0,2.0,0.95,2.0,0.03,,,,,4.43,15.0,5.8,0.0,4.75,6.0,4.98,8.0,60m
1055,bj920405,2025-05-20,main_wave,10~15%,0.4847,bull_aligned,15.5894,6.0,transition,simulated,15.5894,22.1786,9.0,26.1707,19.9607,22.6623,10.0,kdj_exit,0.021811,15.5894,4.8907,21.0,2.0,0.95,2.0,0.03,,,,,20.8533,21.0,25.0478,0.0,22.0063,9.0,23.6265,9.0,60m
335,bj920509,2025-03-19,high_zone,>20%,0.7136,bull_aligned,14.0866,4.0,transition,simulated,14.0866,21.3558,3.0,25.1998,19.2202,22.6723,4.0,kdj_exit,0.06165,14.0866,4.3803,14.0,2.0,0.95,1.5,0.03,,,,,17.9632,2.0,35.122,7.0,20.1903,3.0,24.3794,4.0,60m
2260,bj920509,2025-08-26,high_trap,5~10%,0.8147,bull_aligned,21.9964,5.0,transition,simulated,21.9964,30.1746,4.0,35.606,27.1571,35.606,5.0,tp,0.179999,21.9964,4.2914,21.0,1.773,0.95,2.0,0.03,,,,,28.2416,3.0,38.8904,5.0,28.727,4.0,38.8904,5.0,60m
339,bj920786,2025-03-19,high_trap,15~20%,0.8079,bull_aligned,6.2377,4.0,transition,simulated,6.2377,9.133,11.0,10.7769,8.2197,10.7769,12.0,tp,0.179996,6.2377,1.891,18.0,2.0,0.95,2.0,0.03,,,,,8.37,7.0,14.96,14.0,8.89,11.0,12.15,12.0,60m
1140,bj920571,2025-05-27,main_wave,5~10%,0.4632,neutral,5.6871,6.0,transition,simulated,5.6871,9.8514,8.0,11.6246,8.8662,11.6246,8.0,tp,0.18,5.6871,2.924,21.0,2.0,0.95,2.0,0.03,,,,,9.4943,3.0,16.7115,17.0,9.821,8.0,12.8901,8.0,60m
1465,bj920571,2025-06-23,high_trap,0~3%,0.8191,bull_aligned,7.2307,6.0,transition,simulated,7.2307,12.3855,5.0,14.6149,11.1469,12.999,6.0,kdj_exit,0.049532,7.2307,3.8863,17.0,2.0,0.95,2.0,0.03,,,,,11.3258,20.0,14.0088,6.0,12.2762,5.0,14.0088,6.0,60m
360,bj920970,2025-03-20,high_trap,15~20%,0.8532,bull_aligned,5.6262,4.0,transition,simulated,5.6262,7.991,10.0,9.4294,7.1919,9.4294,10.0,tp,0.180003,5.6262,1.5369,15.0,2.0,0.95,2.0,0.03,,,,,6.44,1.0,11.18,12.0,7.89,10.0,10.3,10.0,60m
449,bj920970,2025-03-27,main_wave,>20%,0.6085,neutral,5.6111,4.0,transition,simulated,5.6111,7.3663,4.0,8.6923,6.6297,8.6923,4.0,tp,0.180004,5.6111,1.879,16.0,2.0,0.95,2.0,0.03,,,,,6.82,1.0,11.18,7.0,7.16,4.0,8.86,4.0,60m
1018,bj920970,2025-05-15,main_wave,10~15%,0.5033,neutral,5.9907,5.0,transition,simulated,5.9907,8.3947,9.0,9.9057,7.5552,9.18,10.0,kdj_exit,0.093552,5.9907,2.6779,20.0,2.0,0.95,2.0,0.03,,,,,8.08,6.0,9.9,10.0,8.18,9.0,9.9,10.0,60m
3100,bj920304,2025-11-11,main_wave,15~20%,0.4396,neutral,11.7291,4.0,transition,simulated,11.7291,14.7649,2.0,17.4226,13.2884,15.7861,3.0,rsi_exit,0.069166,11.7291,1.9917,21.0,1.599,0.95,2.0,0.03,,,,,12.4083,20.0,16.958,6.0,14.7226,2.0,16.2391,2.0,60m
703,bj920261,2025-04-17,main_wave,0~3%,0.6125,neutral,9.1031,4.0,transition,simulated,9.1031,13.7109,7.0,16.1789,12.3398,13.7992,9.0,rsi_exit,0.006441,9.1031,2.5549,19.0,2.0,0.95,2.0,0.03,,,,,12.5889,6.0,17.6016,17.0,13.0749,9.0,14.2757,7.0,60m
761,bj920261,2025-04-22,high_zone,10~15%,0.7872,bull_aligned,8.9695,6.0,transition,simulated,8.9695,13.7001,4.0,16.1661,12.3301,13.7992,6.0,rsi_exit,0.007234,8.9695,2.7149,20.0,2.0,0.95,1.5,0.03,,,,,12.5889,3.0,17.6016,14.0,13.0749,6.0,14.2757,4.0,60m
1194,bj920394,2025-05-30,main_wave,5~10%,0.5481,neutral,32.7055,5.0,transition,simulated,32.7055,40.6404,7.0,47.9557,36.5764,42.6518,8.0,kdj_exit,0.049493,32.7055,9.7269,16.0,2.0,0.95,2.0,0.03,,,,,39.7234,5.0,47.3135,21.0,39.8828,7.0,43.8073,8.0,60m
472,sz300611,2025-03-28,high_trap,>20%,0.9151,bull_aligned,14.695,5.0,transition,simulated,14.695,26.1476,8.0,29.2854,23.5329,26.4225,10.0,rsi_exit,0.010513,14.695,8.4341,17.0,2.0,0.95,2.0,0.03,,,,,21.7795,6.0,34.3721,1.0,25.3633,10.0,27.9471,9.0,60m
1583,sz002549,2025-07-02,high_zone,10~15%,0.7128,neutral,7.8508,6.0,transition,simulated,7.8508,11.2388,11.0,12.3627,10.1149,11.7656,13.0,rsi_exit,0.046873,7.8508,2.1511,21.0,2.0,0.95,1.5,0.03,,,,,10.9879,10.0,13.6601,0.0,11.0876,11.0,12.0448,11.0,60m
1262,sz300963,2025-06-06,high_zone,3~5%,0.7099,bull_aligned,10.4595,6.0,transition,simulated,10.4595,24.2897,7.0,27.2044,21.8607,24.36,8.0,rsi_exit,0.002896,10.4595,7.5085,17.0,2.0,0.95,1.5,0.03,,,,,21.36,5.0,27.15,7.0,23.5,8.0,27.15,7.0,60m
514,bj920367,2025-04-01,main_wave,>20%,0.5922,neutral,20.0047,4.0,transition,simulated,20.0047,26.1346,1.0,30.8388,23.5211,23.5211,2.0,sl,-0.100002,20.0047,9.0243,18.0,2.0,0.95,2.0,0.03,,,,,19.411,2.0,29.4149,16.0,19.411,2.0,27.4459,1.0,60m
522,sz301210,2025-04-02,main_wave,>20%,0.4355,neutral,21.7168,5.0,transition,simulated,21.7168,23.1034,5.0,25.8758,20.793,23.6325,7.0,kdj_exit,0.022905,21.7168,10.5366,18.0,2.0,0.95,2.0,0.03,,,,,19.1214,3.0,38.2784,21.0,22.8604,5.0,24.3539,6.0,60m
2173,bj920047,2025-08-19,high_zone,5~10%,0.7673,bull_aligned,18.6499,6.0,transition,simulated,18.6499,26.527,11.0,31.3019,23.8743,28.35,12.0,kdj_exit,0.068722,18.6499,5.0521,18.0,2.0,0.95,1.5,0.03,,,,,25.06,21.0,30.3,1.0,26.25,11.0,28.35,12.0,60m
2790,bj920047,2025-10-16,main_wave,5~10%,0.5108,bear_aligned,21.0028,4.0,transition,simulated,21.0028,25.4093,10.0,29.983,22.8684,27.41,11.0,kdj_exit,0.078737,21.0028,5.1633,21.0,2.0,0.95,2.0,0.03,,,,,23.66,1.0,28.15,11.0,24.51,10.0,28.15,11.0,60m
1032,bj920199,2025-05-16,main_wave,10~15%,0.4399,bull_aligned,19.8803,6.0,transition,simulated,19.8803,27.1843,9.0,32.0775,24.4659,28.59,11.0,kdj_exit,0.051709,19.8803,8.1121,22.0,2.0,0.95,2.0,0.03,,,,,26.0,5.0,48.04,21.0,26.88,9.0,29.57,11.0,60m
2121,bj920199,2025-08-14,high_zone,15~20%,0.7376,bull_aligned,28.305,6.0,transition,simulated,28.305,42.0557,11.0,49.6257,37.8501,39.85,21.0,expire,-0.052446,28.305,9.3887,19.0,2.0,0.95,1.5,0.03,,,,,38.79,19.0,51.02,0.0,38.79,19.0,43.95,11.0,60m
4037,sz002165,2026-01-30,high_trap,15~20%,0.8832,bull_aligned,7.1293,6.0,transition,simulated,7.1293,12.403,11.0,13.6433,11.1627,12.62,12.0,kdj_exit,0.017496,7.1293,1.204,19.0,1.563,0.95,2.0,0.03,,,,,10.84,16.0,14.99,2.0,12.16,11.0,13.33,12.0,60m
4085,sz002165,2026-02-04,high_zone,>20%,0.7829,bull_aligned,7.2002,6.0,transition,simulated,7.2002,12.403,8.0,13.6433,11.1627,12.62,9.0,kdj_exit,0.017496,7.2002,1.6139,18.0,1.715,0.95,1.5,0.03,,,,,10.84,13.0,14.75,0.0,12.16,8.0,13.33,9.0,60m
1298,bj920403,2025-06-10,main_wave,>20%,0.4145,neutral,17.7845,5.0,transition,simulated,17.7845,25.5217,5.0,30.1156,22.9695,26.08,17.0,rsi_exit,0.021876,17.7845,5.7402,22.0,2.0,0.95,2.0,0.03,,,,,23.3,7.0,28.0583,0.0,23.3,7.0,26.4,15.0,60m
581,bj920305,2025-04-08,main_wave,>20%,0.3947,neutral,26.4939,4.0,transition,simulated,26.4939,28.3103,3.0,33.4062,25.4793,27.48,5.0,ma_support_break,-0.02933,26.4939,10.1494,20.0,2.0,0.95,2.0,0.03,,,,,11.47,15.0,29.5,8.0,26.97,5.0,29.43,4.0,60m
4034,bj920087,2026-01-30,main_wave,10~15%,0.5689,bull_aligned,14.6853,4.0,transition,simulated,14.6853,17.1845,11.0,20.2777,15.466,17.3922,12.0,kdj_exit,0.012087,14.6853,2.1569,17.0,1.557,0.95,2.0,0.03,,,,,16.6865,9.0,23.8521,16.0,17.0244,11.0,18.5649,12.0,60m
2921,bj920765,2025-10-27,main_wave,10~15%,0.5899,neutral,16.421,6.0,transition,simulated,16.421,24.7744,10.0,29.2338,22.297,26.7068,12.0,rsi_exit,0.078,16.421,6.4408,16.0,2.0,0.95,2.0,0.03,,,,,23.7934,8.0,29.432,1.0,24.2393,10.0,27.7672,11.0,60m
3117,bj920765,2025-11-12,main_wave,10~15%,0.6477,bull_aligned,18.009,6.0,transition,simulated,18.009,24.5409,11.0,28.9583,22.0868,24.8934,12.0,kdj_exit,0.014362,18.009,6.7209,16.0,2.0,0.95,2.0,0.03,,,,,22.7628,20.0,27.0834,0.0,24.2789,11.0,25.3393,12.0,60m
1907,bj920564,2025-07-29,high_trap,5~10%,1.0,bull_aligned,14.0421,6.0,transition,simulated,14.0421,20.673,11.0,24.3941,18.6057,22.9595,13.0,kdj_exit,0.110604,14.0421,4.3255,20.0,2.0,0.95,2.0,0.03,,,,,20.1311,8.0,26.5947,19.0,20.4306,11.0,23.2423,13.0,60m
2674,bj920857,2025-09-29,main_wave,10~15%,0.5875,bull_aligned,16.2254,6.0,transition,simulated,16.2254,26.6793,10.0,31.4816,24.0114,28.79,11.0,rsi_exit,0.079112,16.2254,7.4188,19.0,2.0,0.95,2.0,0.03,,,,,23.1,3.0,31.98,16.0,26.0,11.0,28.8,11.0,60m
3665,bj920857,2025-12-26,high_trap,>20%,0.8398,bull_aligned,25.4594,6.0,transition,simulated,25.4594,35.8627,5.0,42.3179,32.2764,36.0,6.0,rsi_exit,0.003829,25.4594,8.9005,18.0,2.0,0.95,2.0,0.03,,,,,27.11,19.0,38.99,0.0,35.01,5.0,37.6,5.0,60m
1323,bj920075,2025-06-12,main_wave,>20%,0.6064,bull_aligned,23.9586,6.0,transition,simulated,23.9586,34.5914,9.0,40.8179,31.1323,35.2385,12.0,kdj_exit,0.018707,23.9586,8.5664,17.0,2.0,0.95,2.0,0.03,,,,,31.1593,19.0,47.1813,0.0,33.7346,10.0,36.074,12.0,60m
4048,bj920046,2026-02-02,main_wave,5~10%,0.5749,bull_aligned,11.7897,6.0,transition,simulated,11.7897,27.435,9.0,32.3733,24.6915,29.0079,10.0,kdj_exit,0.057331,11.7897,7.69,19.0,2.0,0.95,2.0,0.03,,,,,25.9366,2.0,39.219,18.0,26.8341,9.0,30.1646,9.0,60m
713,bj920751,2025-04-17,main_wave,5~10%,0.5988,bull_aligned,11.882,5.0,transition,simulated,11.882,16.0139,8.0,18.8964,14.4125,18.8964,9.0,tp,0.180002,11.882,3.6596,21.0,2.0,0.95,2.0,0.03,,,,,15.0416,6.0,21.1132,9.0,15.9553,8.0,21.1132,9.0,60m
993,bj920163,2025-05-14,main_wave,15~20%,0.4383,bull_aligned,11.3947,6.0,transition,simulated,11.3947,17.4379,9.0,20.5767,15.6941,18.1635,10.0,kdj_exit,0.041612,11.3947,4.6204,23.0,2.0,0.95,2.0,0.03,,,,,16.2821,6.0,22.1232,19.0,17.3755,9.0,18.4787,10.0,60m
3802,bj920021,2026-01-13,main_wave,10~15%,0.4458,bull_aligned,5.8642,4.0,transition,simulated,5.8642,11.0533,6.0,13.0429,9.948,13.0429,7.0,tp,0.179997,5.8642,0.9126,20.0,1.565,0.95,2.0,0.03,,,,,9.4843,2.0,17.4511,19.0,10.3628,6.0,13.4776,7.0,60m
751,sh605188,2025-04-21,high_trap,>20%,1.0,bull_aligned,6.5948,6.0,transition,simulated,6.5948,10.9807,9.0,12.0788,9.8826,12.0788,14.0,tp,0.100004,6.5948,1.555,18.0,1.787,0.95,2.0,0.03,,,,,10.0711,6.0,16.6387,0.0,10.3805,10.0,12.1971,14.0,60m
3808,bj920227,2026-01-13,main_wave,15~20%,0.3592,neutral,50.1264,3.0,transition,simulated,50.1264,79.0177,11.0,93.2409,71.1159,81.1859,12.0,kdj_exit,0.02744,50.1264,10.6907,20.0,1.979,0.95,2.0,0.03,,,,,74.0033,11.0,114.0544,0.0,74.0033,11.0,91.7283,11.0,60m
3894,bj920227,2026-01-20,main_wave,3~5%,0.4119,bull_aligned,48.7904,6.0,transition,simulated,48.7904,79.0177,6.0,93.2409,71.1159,81.1859,7.0,kdj_exit,0.02744,48.7904,15.418,22.0,2.0,0.95,2.0,0.03,,,,,72.9195,20.0,91.7283,6.0,74.0033,6.0,91.7283,6.0,60m
2346,bj920720,2025-09-02,high_trap,>20%,0.838,bull_aligned,13.2821,6.0,transition,simulated,13.2821,17.2007,11.0,20.2968,15.4806,15.4806,14.0,sl,-0.1,13.2821,1.965,17.0,1.452,0.95,2.0,0.03,,,,,14.96,20.0,19.7,0.0,15.08,14.0,17.95,11.0,60m
834,bj920469,2025-04-28,main_wave,0~3%,0.3807,neutral,10.6535,4.0,transition,simulated,10.6535,15.3796,10.0,18.1479,13.8416,15.7151,11.0,rsi_exit,0.021814,10.6535,3.56,21.0,2.0,0.95,2.0,0.03,,,,,13.7619,16.0,18.4157,0.0,14.7983,10.0,16.7216,10.0,60m
820,sz002194,2025-04-25,main_wave,15~20%,0.5516,neutral,9.9257,4.0,transition,simulated,9.9257,12.7166,4.0,13.9883,11.445,13.9883,6.0,tp,0.100002,9.9257,2.1518,20.0,1.874,0.95,2.0,0.03,,,,,11.8733,2.0,16.38,21.0,12.6098,6.0,14.4012,6.0,60m
906,bj920247,2025-05-07,main_wave,>20%,0.4555,neutral,11.2921,4.0,transition,simulated,11.2921,17.9261,6.0,21.1528,16.1335,21.1528,6.0,tp,0.180003,11.2921,4.0604,19.0,2.0,0.95,2.0,0.03,,,,,16.0815,12.0,22.1144,6.0,17.2868,6.0,22.1144,6.0,60m
2312,bj920247,2025-08-29,main_wave,5~10%,0.6573,bull_aligned,16.0649,6.0,transition,simulated,16.0649,26.3974,5.0,31.1489,23.7577,31.1489,5.0,tp,0.179999,16.0649,8.4961,17.0,2.0,0.95,2.0,0.03,,,,,24.0783,1.0,32.3366,5.0,25.7034,5.0,32.3366,5.0,60m
913,sh600592,2025-05-07,high_trap,15~20%,1.0,bull_aligned,13.5912,6.0,transition,simulated,13.5912,27.7913,6.0,30.5704,25.0122,26.6467,7.0,form_break,-0.041188,13.5912,4.6493,20.0,2.0,0.95,2.0,0.03,,,,,22.7005,20.0,30.0049,6.0,26.0288,7.0,30.0049,6.0,60m
2005,sz000691,2025-08-05,high_trap,5~10%,1.0,bull_aligned,4.1773,6.0,transition,simulated,4.1773,6.839,9.0,7.5229,6.1551,7.5229,10.0,tp,0.1,4.1773,0.9722,19.0,2.0,0.95,2.0,0.03,,,,,6.14,21.0,8.03,11.0,6.8,9.0,7.67,10.0,60m
3376,sz000691,2025-12-03,high_zone,>20%,0.7096,neutral,8.7744,4.0,transition,simulated,8.7744,8.8787,10.0,9.7665,7.9908,9.04,11.0,kdj_exit,0.018171,8.7744,1.7694,22.0,1.685,0.95,1.5,0.03,,,,,7.4,19.0,11.22,0.0,8.55,11.0,9.12,10.0,60m
1411,sz300581,2025-06-18,high_trap,10~15%,0.8309,bull_aligned,10.7063,6.0,transition,simulated,10.7063,17.4997,7.0,19.5996,15.7497,19.5996,7.0,tp,0.119998,10.7063,3.3172,17.0,2.0,0.95,2.0,0.03,,,,,15.98,3.0,22.77,8.0,17.16,7.0,20.47,7.0,60m
1041,bj920077,2025-05-19,main_wave,15~20%,0.6329,neutral,9.7587,6.0,transition,simulated,9.7587,15.4943,4.0,18.2833,13.9449,16.31,5.0,kdj_exit,0.052643,9.7587,2.8137,22.0,2.0,0.95,2.0,0.03,,,,,13.55,18.0,17.3,5.0,15.16,4.0,17.3,5.0,60m
1240,sz300946,2025-06-05,main_wave,>20%,0.6533,bull_aligned,31.3035,6.0,transition,simulated,31.3035,49.599,5.0,55.5509,44.6391,44.6391,10.0,sl,-0.1,31.3035,12.4706,17.0,2.0,0.95,2.0,0.03,,,,,43.3887,21.0,53.3859,0.0,44.3242,10.0,51.9073,5.0,60m
1031,bj920429,2025-05-16,main_wave,10~15%,0.6892,neutral,17.1164,6.0,transition,simulated,17.1164,27.0111,6.0,31.8731,24.31,27.5109,8.0,rsi_exit,0.018502,17.1164,6.0689,17.0,2.0,0.95,2.0,0.03,,,,,22.8757,21.0,33.3822,1.0,26.0676,7.0,29.4549,6.0,60m
1244,bj920429,2025-06-05,high_trap,15~20%,0.8239,bull_aligned,18.8776,6.0,transition,simulated,18.8776,28.083,4.0,33.138,25.2747,25.2747,7.0,sl,-0.100001,18.8776,7.3908,15.0,2.0,0.95,2.0,0.03,,,,,22.2221,11.0,29.2829,2.0,25.1534,7.0,28.5699,4.0,60m
1079,bj920174,2025-05-21,high_trap,>20%,0.8565,bull_aligned,26.1454,6.0,transition,simulated,26.1454,40.5163,10.0,47.8093,36.4647,43.88,11.0,rsi_exit,0.08302,26.1454,6.4252,22.0,2.0,0.95,2.0,0.03,,,,,36.64,19.0,50.0,0.0,40.18,10.0,43.98,11.0,60m
1199,bj920174,2025-05-30,main_wave,10~15%,0.4026,bull_aligned,27.2673,6.0,transition,simulated,27.2673,40.534,3.0,47.8301,36.4806,43.88,4.0,kdj_exit,0.082548,27.2673,9.3361,19.0,2.0,0.95,2.0,0.03,,,,,36.64,12.0,44.15,5.0,40.18,3.0,43.98,4.0,60m
1085,bj920931,2025-05-21,main_wave,10~15%,0.5934,bull_aligned,12.3156,6.0,transition,simulated,12.3156,17.2386,11.0,20.3415,15.5147,17.6088,12.0,rsi_exit,0.021475,12.3156,3.0472,21.0,2.0,0.95,2.0,0.03,,,,,16.4157,7.0,22.8686,0.0,16.9327,12.0,17.6287,12.0,60m
2353,bj920580,2025-09-02,main_wave,10~15%,0.6356,neutral,12.6989,5.0,transition,simulated,12.6989,19.5751,8.0,23.0987,17.6176,17.6176,10.0,sl,-0.100001,12.6989,2.1895,21.0,1.726,0.95,2.0,0.03,,,,,15.6179,20.0,26.7196,3.0,17.5279,10.0,20.5719,8.0,60m
2424,bj920580,2025-09-08,high_trap,15~20%,1.0,bull_aligned,12.2467,6.0,transition,simulated,12.2467,18.4156,3.0,21.7304,16.574,19.1991,4.0,rsi_exit,0.042548,12.2467,3.0616,20.0,2.0,0.95,2.0,0.03,,,,,15.22,18.0,20.6913,3.0,18.1546,3.0,20.6913,3.0,60m
1103,sz300765,2025-05-22,high_trap,3~5%,0.9243,neutral,31.7187,6.0,transition,simulated,31.7187,51.9823,9.0,58.2202,46.7841,58.2202,9.0,tp,0.12,31.7187,9.564,19.0,2.0,0.95,2.0,0.03,,,,,47.3605,2.0,63.31,10.0,51.46,9.0,63.0,9.0,60m
2351,bj920670,2025-09-02,main_wave,>20%,0.4547,bull_aligned,13.0817,6.0,transition,simulated,13.0817,18.0715,3.0,21.3244,16.2643,17.9107,4.0,form_break,-0.008898,13.0817,2.2882,19.0,1.709,0.95,2.0,0.03,,,,,13.5451,20.0,20.1333,0.0,17.7413,3.0,19.924,4.0,60m
1444,sz002365,2025-06-20,high_trap,15~20%,0.9577,bull_aligned,14.0356,6.0,transition,simulated,14.0356,27.7214,7.0,30.4935,24.9492,27.9465,8.0,rsi_exit,0.008122,14.0356,6.0356,15.0,2.0,0.95,2.0,0.03,,,,,20.8,21.0,31.7386,10.0,26.7121,7.0,29.9709,7.0,60m
1157,sh688455,2025-05-28,high_trap,>20%,1.0,bull_aligned,10.403,6.0,transition,simulated,10.403,15.1353,9.0,17.4056,13.6218,13.6218,15.0,sl,-0.1,10.403,1.2615,20.0,1.602,0.98,2.0,0.03,,,,,13.33,16.0,21.6,0.0,13.5,15.0,16.12,9.0,60m
1196,sh688136,2025-05-30,high_trap,>20%,0.9621,bull_aligned,28.2009,6.0,transition,simulated,28.2009,52.9529,5.0,60.8958,47.6576,47.6576,10.0,sl,-0.1,28.2009,9.6551,14.0,2.0,0.95,2.0,0.03,,,,,37.3245,19.0,63.0535,0.0,41.9727,10.0,57.3483,5.0,60m
1227,sz301335,2025-06-04,main_wave,15~20%,0.5785,bull_aligned,20.7193,6.0,transition,simulated,20.7193,35.9017,3.0,40.2099,32.3115,40.2099,3.0,tp,0.120001,20.7193,9.2392,18.0,2.0,0.95,2.0,0.03,,,,,31.9508,12.0,41.9713,0.0,35.6306,3.0,40.5568,3.0,60m
1334,bj920017,2025-06-12,high_trap,15~20%,0.81,bull_aligned,14.3526,6.0,transition,simulated,14.3526,20.8679,11.0,24.6241,18.7811,22.5227,12.0,kdj_exit,0.0793,14.3526,3.9945,20.0,2.0,0.95,2.0,0.03,,,,,19.8616,5.0,26.5045,0.0,20.4884,11.0,23.1301,12.0,60m
1278,sz002882,2025-06-09,high_trap,10~15%,0.8388,bull_aligned,15.0015,6.0,transition,simulated,15.0015,26.2863,7.0,28.915,23.6577,28.915,8.0,tp,0.100001,15.0015,5.4598,17.0,1.977,0.95,2.0,0.03,,,,,24.96,3.0,40.82,14.0,26.02,7.0,29.39,7.0,60m
1648,sz002882,2025-07-07,high_zone,10~15%,0.7478,bull_aligned,21.0665,6.0,transition,simulated,21.0665,32.643,8.0,35.9073,29.3787,35.9073,9.0,tp,0.1,21.0665,9.762,14.0,2.0,0.95,1.5,0.03,,,,,30.7,19.0,37.66,10.0,32.61,8.0,37.0,9.0,60m
1428,bj920090,2025-06-19,main_wave,0~3%,0.5759,bull_aligned,5.3929,5.0,transition,simulated,5.3929,7.636,1.0,9.0105,6.8724,8.26,2.0,kdj_exit,0.081718,5.3929,1.6284,16.0,2.0,0.95,2.0,0.03,,,,,7.51,0.0,13.89,4.0,7.51,1.0,8.46,2.0,60m
1502,bj920090,2025-06-26,high_zone,>20%,0.7951,bull_aligned,5.4297,5.0,transition,simulated,5.4297,10.7663,6.0,12.7043,9.6897,11.13,7.0,rsi_exit,0.033778,5.4297,1.9687,16.0,2.0,0.95,1.5,0.03,,,,,8.92,17.0,13.79,0.0,10.4,6.0,11.68,6.0,60m
1787,bj920807,2025-07-18,high_trap,5~10%,0.8883,bull_aligned,10.6724,6.0,transition,simulated,10.6724,19.2114,3.0,22.6695,17.2903,20.3984,4.0,rsi_exit,0.061787,10.6724,4.3593,16.0,2.0,0.95,2.0,0.03,,,,,17.5722,12.0,23.3833,21.0,18.5242,3.0,22.3123,3.0,60m
2286,bj920807,2025-08-27,high_trap,>20%,0.8652,bull_aligned,14.429,6.0,transition,simulated,14.429,19.7568,11.0,23.3131,17.7812,19.8431,12.0,kdj_exit,0.004367,14.429,5.9713,15.0,2.0,0.95,2.0,0.03,,,,,16.3822,18.0,24.0577,0.0,19.6051,12.0,20.7554,11.0,60m
2748,bj920807,2025-10-13,main_wave,15~20%,0.5914,neutral,15.5501,4.0,transition,simulated,15.5501,18.8095,5.0,22.1952,16.9285,18.9804,12.0,kdj_exit,0.009086,15.5501,4.4856,20.0,2.0,0.95,2.0,0.03,,,,,16.878,21.0,20.8844,0.0,17.3937,11.0,20.7059,12.0,60m
1358,bj920592,2025-06-16,main_wave,>20%,0.6412,bull_aligned,37.1474,5.0,transition,simulated,37.1474,54.9586,6.0,64.8511,49.4627,64.8511,6.0,tp,0.18,37.1474,9.1241,21.0,2.0,0.95,2.0,0.03,,,,,49.9672,4.0,67.2624,0.0,52.4686,6.0,64.8914,6.0,60m
2161,bj920914,2025-08-18,high_trap,>20%,0.9582,bull_aligned,22.636,6.0,transition,simulated,22.636,35.3334,9.0,41.6934,31.8001,37.3774,10.0,kdj_exit,0.057848,22.636,7.5957,16.0,2.0,0.95,2.0,0.03,,,,,33.1074,7.0,44.6662,14.0,34.7558,9.0,39.2244,10.0,60m
2244,bj920914,2025-08-25,high_zone,5~10%,0.7442,bull_aligned,23.6073,6.0,transition,simulated,23.6073,35.4334,4.0,41.8114,31.89,37.3774,5.0,kdj_exit,0.054864,23.6073,8.7204,17.0,2.0,0.95,1.5,0.03,,,,,33.1074,2.0,44.6662,9.0,34.7558,4.0,39.2244,5.0,60m
3146,sz301292,2025-11-14,high_trap,>20%,0.9557,bull_aligned,19.6742,6.0,transition,simulated,19.6742,61.433,8.0,68.805,55.2897,68.805,8.0,tp,0.120001,19.6742,10.5809,18.0,2.0,0.95,2.0,0.03,,,,,52.31,4.0,88.0,10.0,61.4,8.0,75.13,8.0,60m
3188,sz301292,2025-11-19,high_trap,>20%,0.9555,bull_aligned,21.0498,6.0,transition,simulated,21.0498,62.4003,5.0,69.8884,56.1603,69.8884,5.0,tp,0.12,21.0498,13.0476,19.0,2.0,0.95,2.0,0.03,,,,,52.31,1.0,88.0,7.0,61.4,5.0,75.13,5.0,60m
1576,sh605151,2025-07-02,main_wave,15~20%,0.625,neutral,15.3975,6.0,transition,simulated,15.3975,19.1127,6.0,21.0239,17.2014,20.29,10.0,kdj_exit,0.0616,15.3975,2.9427,18.0,1.768,0.95,2.0,0.03,,,,,18.2,2.0,22.624,0.0,18.69,8.0,20.83,9.0,60m
1585,sz002669,2025-07-02,high_trap,10~15%,0.8226,neutral,9.5106,6.0,transition,simulated,9.5106,12.4471,10.0,13.6918,11.2024,12.5283,11.0,rsi_exit,0.006524,9.5106,1.9072,14.0,1.643,0.95,2.0,0.03,,,,,12.1703,2.0,15.2626,0.0,12.3394,10.0,12.6973,10.0,60m
1611,bj920357,2025-07-03,high_trap,10~15%,0.802,bull_aligned,15.6163,6.0,transition,simulated,15.6163,19.893,11.0,23.4737,17.9037,18.8491,19.0,ma_support_break,-0.052473,15.6163,4.352,14.0,2.0,0.95,2.0,0.03,,,,,18.7342,21.0,22.4351,2.0,18.7878,19.0,20.2973,17.0,60m
1773,sh688068,2025-07-17,high_trap,5~10%,0.9582,bull_aligned,116.1267,6.0,transition,simulated,116.1267,190.2387,7.0,218.7745,171.2148,195.0,9.0,rsi_exit,0.025028,116.1267,44.2007,15.0,2.0,0.95,2.0,0.03,,,,,181.05,5.0,262.22,14.0,188.0,8.0,203.99,9.0,60m
1769,sz301176,2025-07-17,high_zone,10~15%,0.7741,bull_aligned,18.0591,6.0,transition,simulated,18.0591,32.298,7.0,36.1738,29.0682,33.44,8.0,kdj_exit,0.035358,18.0591,9.2425,17.0,2.0,0.95,1.5,0.03,,,,,29.96,15.0,36.75,21.0,32.25,7.0,34.8,7.0,60m
2467,sz300436,2025-09-11,main_wave,15~20%,0.5091,neutral,84.8046,5.0,transition,simulated,84.8046,110.3307,9.0,123.5703,99.2976,103.6,10.0,form_break,-0.061005,84.8046,46.629,17.0,2.0,0.95,2.0,0.03,,,,,93.8,14.0,130.9,19.0,103.59,10.0,126.34,9.0,60m
2053,sh600475,2025-08-08,high_trap,5~10%,0.856,bull_aligned,11.6741,6.0,transition,simulated,11.6741,21.3528,8.0,23.4881,19.2175,25.347,9.0,tp,0.187059,11.6741,2.7177,15.0,1.843,0.95,2.0,0.03,,,,,19.9297,7.0,27.9811,10.0,20.6355,8.0,25.7645,9.0,60m
1663,sz300591,2025-07-08,high_trap,10~15%,0.9612,bull_aligned,5.2707,6.0,transition,simulated,5.2707,11.9137,6.0,13.3433,10.7223,12.17,7.0,kdj_exit,0.021516,5.2707,2.2816,17.0,2.0,0.95,2.0,0.03,,,,,10.81,17.0,15.69,21.0,11.82,6.0,12.85,7.0,60m
1931,bj920925,2025-07-30,high_trap,5~10%,0.9442,bull_aligned,15.0487,6.0,transition,simulated,15.0487,24.6357,11.0,29.0701,22.1721,29.0701,13.0,tp,0.180001,15.0487,4.9887,15.0,2.0,0.95,2.0,0.03,,,,,23.82,9.0,31.98,13.0,24.2,11.0,31.98,13.0,60m
1995,bj920925,2025-08-05,high_trap,5~10%,0.9545,bull_aligned,16.2766,6.0,transition,simulated,16.2766,24.6357,7.0,29.0701,22.1721,29.0701,9.0,tp,0.180001,16.2766,5.3576,14.0,2.0,0.95,2.0,0.03,,,,,23.82,5.0,31.98,9.0,24.2,7.0,31.98,9.0,60m
1763,sz301183,2025-07-16,high_trap,15~20%,0.9685,bull_aligned,43.2972,5.0,transition,simulated,43.2972,66.7287,10.0,74.7361,60.0558,68.1538,19.0,kdj_exit,0.021358,43.2972,7.7127,15.0,1.634,0.95,2.0,0.03,,,,,62.2487,15.0,79.7343,0.0,62.2487,15.0,74.2388,10.0,60m
1809,sz002896,2025-07-21,high_trap,10~15%,0.8433,bull_aligned,51.246,5.0,transition,simulated,51.246,84.3507,5.0,92.7857,75.9156,79.53,6.0,form_break,-0.05715,51.246,8.9164,22.0,1.655,0.95,2.0,0.03,,,,,77.55,8.0,106.66,17.0,79.0,6.0,89.96,5.0,60m
2291,sh688585,2025-08-28,high_zone,15~20%,0.7377,neutral,49.9245,6.0,transition,simulated,49.9245,76.8703,9.0,88.4009,69.1833,88.4009,10.0,tp,0.15,49.9245,24.6193,16.0,2.0,0.95,1.5,0.03,,,,,71.11,4.0,132.1,19.0,76.13,9.0,91.6,10.0,60m
2349,sh688585,2025-09-02,high_zone,>20%,0.7374,neutral,55.539,6.0,transition,simulated,55.539,76.8703,6.0,88.4009,69.1833,88.4009,7.0,tp,0.15,55.539,24.5638,15.0,2.0,0.95,1.5,0.03,,,,,71.11,1.0,132.1,16.0,76.13,6.0,91.6,7.0,60m
2630,sh688585,2025-09-25,high_trap,>20%,0.8208,bull_aligned,59.5424,6.0,transition,simulated,59.5424,91.1053,5.0,104.7711,81.9948,92.0,6.0,kdj_exit,0.00982,59.5424,25.2144,19.0,2.0,0.95,2.0,0.03,,,,,80.01,2.0,124.48,12.0,84.0,5.0,95.27,5.0,60m
1837,sh603966,2025-07-23,high_trap,10~15%,0.9266,neutral,6.1765,6.0,transition,simulated,6.1765,8.2025,9.0,9.0228,7.3823,8.3946,12.0,kdj_exit,0.023415,6.1765,0.8216,19.0,1.57,0.95,2.0,0.03,,,,,8.011,6.0,9.9291,0.0,8.1389,9.0,8.4999,11.0,60m
2469,sh688660,2025-09-11,main_wave,0~3%,0.6129,neutral,14.4654,5.0,transition,simulated,14.4654,19.592,4.0,22.5308,17.6328,20.08,5.0,kdj_exit,0.024908,14.4654,6.0297,14.0,2.0,0.95,2.0,0.03,,,,,18.57,0.0,26.18,10.0,18.8,5.0,21.48,5.0,60m
2246,bj920942,2025-08-25,main_wave,10~15%,0.488,neutral,34.3516,5.0,transition,simulated,34.3516,44.1143,6.0,52.0549,39.7029,39.7029,20.0,sl,-0.1,34.3516,13.5396,17.0,2.0,0.95,2.0,0.03,,,,,39.7,20.0,46.51,0.0,39.7,20.0,45.99,18.0,60m
2815,sz300539,2025-10-17,high_zone,15~20%,0.7994,bull_aligned,31.3846,6.0,transition,simulated,31.3846,50.6747,7.0,56.7557,45.6073,45.6073,11.0,sl,-0.099999,31.3846,13.7109,14.0,2.0,0.95,1.5,0.03,,,,,42.7609,16.0,54.6814,1.0,45.3856,11.0,54.4726,7.0,60m
2370,sh603367,2025-09-03,main_wave,>20%,0.5643,neutral,21.911,5.0,transition,simulated,21.911,21.7135,7.0,23.8848,19.5421,19.5421,13.0,sl,-0.100001,21.911,7.3543,15.0,2.0,0.95,2.0,0.03,,,,,19.0485,21.0,27.6462,0.0,19.2142,13.0,22.2795,7.0,60m
2010,bj920885,2025-08-06,high_trap,10~15%,0.8673,bull_aligned,17.3717,6.0,transition,simulated,17.3717,25.0537,2.0,29.5633,22.5483,26.06,8.0,kdj_exit,0.040167,17.3717,4.7046,16.0,2.0,0.95,2.0,0.03,,,,,21.85,20.0,27.9,8.0,23.4,5.0,27.9,8.0,60m
1942,sh603280,2025-07-31,high_trap,15~20%,1.0,bull_aligned,23.5723,6.0,transition,simulated,23.5723,53.462,9.0,58.8082,48.1158,58.8082,9.0,tp,0.1,23.5723,4.2561,18.0,1.612,0.95,2.0,0.03,,,,,41.9,21.0,61.8,2.0,51.01,9.0,59.4,9.0,60m
2802,sz300486,2025-10-16,main_wave,3~5%,0.5842,neutral,16.398,5.0,transition,simulated,16.398,20.267,3.0,22.699,18.2403,20.4,5.0,kdj_exit,0.006562,16.398,6.6856,17.0,2.0,0.95,2.0,0.03,,,,,19.7,2.0,25.1,12.0,19.74,4.0,21.03,3.0,60m
2000,sh603200,2025-08-05,high_trap,10~15%,0.8718,bull_aligned,42.7987,6.0,transition,simulated,42.7987,67.798,9.0,74.5778,61.0182,69.02,10.0,rsi_exit,0.018024,42.7987,13.8327,13.0,2.0,0.95,2.0,0.03,,,,,64.0,3.0,89.4,19.0,66.09,9.0,72.15,9.0,60m
2059,sz300322,2025-08-08,high_trap,15~20%,0.8736,bull_aligned,13.5857,6.0,transition,simulated,13.5857,26.5473,11.0,29.733,23.8926,26.64,12.0,kdj_exit,0.003491,13.5857,3.3759,16.0,1.821,0.95,2.0,0.03,,,,,22.18,18.0,30.95,2.0,26.35,11.0,29.06,11.0,60m
2114,sz300322,2025-08-13,high_trap,>20%,0.9447,bull_aligned,13.6848,6.0,transition,simulated,13.6848,26.5473,8.0,29.733,23.8926,26.64,9.0,kdj_exit,0.003491,13.6848,4.2688,17.0,1.943,0.95,2.0,0.03,,,,,22.18,15.0,29.41,10.0,26.35,8.0,29.06,8.0,60m
2678,sh601929,2025-09-29,main_wave,5~10%,0.41,neutral,3.3387,5.0,transition,simulated,3.3387,3.7,4.0,4.07,3.33,4.07,18.0,tp,0.1,3.3387,1.5331,17.0,2.0,0.95,2.0,0.03,,,,,3.48,7.0,4.93,20.0,3.48,7.0,4.07,18.0,60m
2736,sh601929,2025-10-10,main_wave,0~3%,0.4336,neutral,3.3011,4.0,transition,simulated,3.3011,3.6297,7.0,3.9926,3.2667,3.67,11.0,kdj_exit,0.011112,3.3011,1.4733,18.0,2.0,0.95,2.0,0.03,,,,,3.48,4.0,4.93,17.0,3.51,8.0,3.77,10.0,60m
2112,sz301606,2025-08-13,high_trap,5~10%,0.96,bull_aligned,41.9213,6.0,transition,simulated,41.9213,67.3155,8.0,75.3934,60.584,68.7745,9.0,rsi_exit,0.021673,41.9213,6.9465,20.0,1.839,0.95,2.0,0.03,,,,,60.952,15.0,72.924,9.0,67.1067,8.0,72.924,9.0,60m
2453,sz300870,2025-09-10,main_wave,15~20%,0.6311,neutral,107.1293,6.0,transition,simulated,107.1293,157.9956,5.0,176.9551,142.1961,159.5247,14.0,kdj_exit,0.009678,107.1293,48.3324,17.0,2.0,0.95,2.0,0.03,,,,,129.2042,20.0,174.4025,14.0,144.0629,11.0,174.4025,14.0,60m
2592,bj920808,2025-09-22,high_zone,>20%,0.7147,neutral,64.1948,6.0,transition,simulated,64.1948,98.0795,1.0,115.7338,88.2716,99.9643,2.0,rsi_exit,0.019217,64.1948,28.0459,15.0,2.0,0.95,1.5,0.03,,,,,80.983,8.0,105.5418,2.0,97.1956,1.0,105.5418,2.0,60m
2180,bj920504,2025-08-19,main_wave,10~15%,0.6324,neutral,23.2821,5.0,transition,simulated,23.2821,29.1942,11.0,34.4492,26.2748,30.9875,13.0,kdj_exit,0.061427,23.2821,4.778,17.0,1.799,0.95,2.0,0.03,,,,,28.0741,6.0,32.028,13.0,28.7479,11.0,32.028,13.0,60m
2455,bj920679,2025-09-10,high_zone,15~20%,0.7022,bull_aligned,18.2978,6.0,transition,simulated,18.2978,25.2824,5.0,29.8333,22.7542,25.782,6.0,rsi_exit,0.019757,18.2978,5.2224,16.0,1.931,0.95,1.5,0.03,,,,,21.19,16.0,28.3975,0.0,24.366,5.0,26.2736,5.0,60m
2284,sh603757,2025-08-27,high_trap,15~20%,0.8657,bull_aligned,26.055,6.0,transition,simulated,26.055,47.2473,10.0,51.9721,42.5226,51.9721,10.0,tp,0.100001,26.055,6.6281,17.0,1.699,0.95,2.0,0.03,,,,,44.1266,8.0,62.0334,0.0,46.6974,10.0,52.7944,10.0,60m
2241,bj920699,2025-08-25,high_zone,5~10%,0.7216,bull_aligned,40.2343,6.0,transition,simulated,40.2343,57.1157,4.0,67.3965,51.4041,63.3,5.0,kdj_exit,0.108277,40.2343,8.4552,18.0,1.661,0.95,1.5,0.03,,,,,54.58,1.0,77.58,18.0,55.22,4.0,66.79,4.0,60m
2367,bj920699,2025-09-03,high_zone,10~15%,0.7862,bull_aligned,40.0539,6.0,transition,simulated,40.0539,59.5827,10.0,70.3075,53.6244,70.3075,11.0,tp,0.179999,40.0539,12.0635,18.0,1.877,0.95,1.5,0.03,,,,,57.03,21.0,77.58,11.0,59.32,10.0,77.58,11.0,60m
2230,bj920195,2025-08-22,high_zone,15~20%,0.7737,bull_aligned,15.9102,6.0,transition,simulated,15.9102,19.8741,9.0,23.4514,17.8867,20.7083,10.0,kdj_exit,0.041977,15.9102,2.4845,17.0,1.526,0.95,1.5,0.03,,,,,18.46,21.0,23.075,0.0,19.8307,9.0,21.0831,10.0,60m
3886,sz300503,2026-01-19,high_zone,>20%,0.7739,bull_aligned,34.8562,6.0,transition,simulated,34.8562,64.0718,1.0,71.7604,57.6646,71.7604,3.0,tp,0.120001,34.8562,15.9327,16.0,2.0,0.95,1.5,0.03,,,,,51.9385,19.0,72.4741,3.0,62.7856,1.0,72.4741,3.0,60m
2913,sz301488,2025-10-24,main_wave,15~20%,0.5576,neutral,125.5437,5.0,transition,simulated,125.5437,151.0788,1.0,169.2083,135.9709,152.8812,2.0,rsi_exit,0.01193,125.5437,39.6108,15.0,2.0,0.95,2.0,0.03,,,,,123.7923,20.0,159.7995,4.0,147.0494,2.0,155.9715,1.0,60m
2812,sz300620,2025-10-17,main_wave,10~15%,0.5957,neutral,78.3717,5.0,transition,simulated,78.3717,105.848,1.0,118.5498,95.2632,108.7382,2.0,kdj_exit,0.027305,78.3717,34.9743,16.0,2.0,0.95,2.0,0.03,,,,,96.1277,19.0,124.1566,7.0,103.9218,1.0,113.9143,1.0,60m
3266,sz300620,2025-11-25,main_wave,3~5%,0.6783,neutral,84.6622,5.0,transition,simulated,84.6622,145.6321,8.0,163.108,131.0689,163.108,8.0,tp,0.12,84.6622,25.6056,22.0,2.0,0.95,2.0,0.03,,,,,134.7886,7.0,184.8609,11.0,143.9317,8.0,169.0628,8.0,60m
2957,sh605255,2025-10-29,high_trap,5~10%,0.8109,bull_aligned,59.8033,6.0,transition,simulated,59.8033,91.8373,11.0,101.021,82.6536,101.021,12.0,tp,0.1,59.8033,9.0592,15.0,1.643,0.95,2.0,0.03,,,,,83.2662,2.0,159.8306,21.0,89.9922,11.0,104.1478,12.0,60m
3040,sh605255,2025-11-05,high_zone,5~10%,0.7328,neutral,63.5185,6.0,transition,simulated,63.5185,91.8373,6.0,101.021,82.6536,101.021,7.0,tp,0.1,63.5185,14.812,15.0,1.808,0.95,1.5,0.03,,,,,86.6424,2.0,159.8306,16.0,89.9922,6.0,104.1478,7.0,60m
4059,sh605255,2026-02-02,main_wave,>20%,0.5171,neutral,122.586,4.0,transition,simulated,122.586,133.9149,9.0,147.3064,120.5234,135.0582,11.0,kdj_exit,0.008538,122.586,43.0245,18.0,2.0,0.95,2.0,0.03,,,,,105.1775,15.0,149.9536,1.0,128.1604,9.0,139.9467,10.0,60m
2669,sz300604,2025-09-29,high_trap,>20%,0.9391,bull_aligned,49.1877,6.0,transition,simulated,49.1877,84.0574,10.0,94.1443,75.6517,90.7676,13.0,kdj_exit,0.079829,49.1877,13.3798,16.0,1.834,0.95,2.0,0.03,,,,,78.6833,20.0,107.6098,0.0,81.4819,11.0,92.8466,13.0,60m
2692,sz300593,2025-09-30,main_wave,15~20%,0.464,neutral,14.3274,4.0,transition,simulated,14.3274,19.656,10.0,22.0147,17.6904,22.0147,12.0,tp,0.119999,14.3274,4.516,20.0,2.0,0.95,2.0,0.03,,,,,18.58,6.0,27.89,15.0,19.22,10.0,24.0,12.0,60m
3050,sh688691,2025-11-06,main_wave,15~20%,0.5757,neutral,79.4909,5.0,transition,simulated,79.4909,112.844,4.0,129.7706,101.5596,113.01,5.0,kdj_exit,0.001471,79.4909,42.438,18.0,2.0,0.95,2.0,0.03,,,,,99.0,11.0,127.76,14.0,110.76,4.0,117.5,4.0,60m
2765,sz300127,2025-10-14,high_zone,>20%,0.7104,neutral,25.6618,6.0,transition,simulated,25.6618,34.8649,8.0,39.0487,31.3784,36.217,11.0,rsi_exit,0.038781,25.6618,6.2067,19.0,2.0,0.95,1.5,0.03,,,,,30.8953,20.0,40.1787,0.0,33.8518,9.0,38.0106,11.0,60m
3503,sh600408,2025-12-15,main_wave,>20%,0.5264,neutral,3.4829,5.0,transition,simulated,3.4829,4.656,2.0,5.1216,4.1904,4.71,3.0,kdj_exit,0.011598,3.4829,1.4609,16.0,2.0,0.95,2.0,0.03,,,,,3.96,11.0,5.08,0.0,4.52,3.0,5.0,2.0,60m
2836,sz002320,2025-10-20,high_trap,5~10%,1.0,bull_aligned,7.557,6.0,transition,simulated,7.557,13.5431,9.0,14.8974,12.1888,13.9329,10.0,kdj_exit,0.028781,7.557,2.0052,16.0,1.996,0.95,2.0,0.03,,,,,12.8481,4.0,16.1621,12.0,13.4452,9.0,14.7788,9.0,60m
2906,sz301231,2025-10-24,high_zone,15~20%,0.7406,neutral,21.8913,6.0,transition,simulated,21.8913,34.0623,4.0,38.1498,30.6561,38.1498,4.0,tp,0.12,21.8913,3.2946,21.0,1.83,0.98,1.5,0.03,,,,,31.59,15.0,42.0,5.0,33.68,4.0,39.6,4.0,60m
3268,sh600403,2025-11-25,main_wave,15~20%,0.525,neutral,5.8594,5.0,transition,simulated,5.8594,8.1267,4.0,8.9393,7.314,8.9393,5.0,tp,0.099996,5.8594,2.6696,16.0,2.0,0.95,2.0,0.03,,,,,6.63,15.0,9.2,5.0,7.95,4.0,9.2,5.0,60m
3258,sh688028,2025-11-24,main_wave,15~20%,0.6802,bull_aligned,40.0366,6.0,transition,simulated,40.0366,65.7381,10.0,75.5988,59.1643,59.1643,14.0,sl,-0.1,40.0366,18.0347,18.0,2.0,0.95,2.0,0.03,,,,,55.6486,21.0,76.5155,1.0,58.7352,14.0,71.5011,10.0,60m
3162,sh600078,2025-11-17,high_trap,>20%,0.8339,bull_aligned,7.5306,6.0,transition,simulated,7.5306,12.6387,2.0,13.9025,11.3748,11.3748,4.0,sl,-0.1,7.5306,2.5493,15.0,2.0,0.95,2.0,0.03,,,,,9.57,20.0,13.99,0.0,10.53,4.0,13.56,2.0,60m
4257,sh600078,2026-02-26,high_zone,>20%,0.7239,neutral,9.3695,6.0,transition,simulated,9.3695,12.9423,6.0,14.2366,11.6481,13.66,10.0,kdj_exit,0.055451,9.3695,2.4259,17.0,2.0,0.95,1.5,0.03,,,,,10.47,17.0,14.95,0.0,12.54,7.0,14.19,10.0,60m
3103,sz300997,2025-11-11,main_wave,15~20%,0.4935,neutral,14.6569,5.0,transition,simulated,14.6569,22.7261,10.0,25.4533,20.4535,22.8301,11.0,kdj_exit,0.004574,14.6569,3.1871,20.0,2.0,0.95,2.0,0.03,,,,,21.2856,17.0,29.5029,0.0,22.1074,10.0,26.9882,10.0,60m
3128,sz300082,2025-11-13,high_trap,>20%,1.0,bull_aligned,7.0158,6.0,transition,simulated,7.0158,10.229,9.0,11.4565,9.2061,11.4565,9.0,tp,0.120002,7.0158,1.6123,17.0,1.817,0.95,2.0,0.03,,,,,9.6,21.0,13.15,0.0,10.1,9.0,11.5,9.0,60m
4099,sh603778,2026-02-04,main_wave,15~20%,0.414,neutral,12.2655,5.0,transition,simulated,12.2655,14.846,8.0,16.3306,13.3614,16.3306,13.0,tp,0.1,12.2655,5.268,19.0,2.0,0.95,2.0,0.03,,,,,13.56,6.0,22.68,20.0,14.0,11.0,16.35,13.0,60m
4417,sh603778,2026-03-11,main_wave,3~5%,0.5917,neutral,11.6742,5.0,transition,simulated,11.6742,22.6523,6.0,24.9176,20.3871,24.9176,7.0,tp,0.100001,11.6742,4.8286,23.0,2.0,0.95,2.0,0.03,,,,,20.01,2.0,34.27,19.0,21.25,6.0,25.7,7.0,60m
3817,sz003041,2026-01-13,high_trap,>20%,0.847,bull_aligned,36.3569,5.0,transition,simulated,36.3569,59.1707,10.0,65.0877,53.2536,65.0877,11.0,tp,0.099999,36.3569,11.0569,19.0,2.0,0.95,2.0,0.03,,,,,55.14,5.0,74.0,0.0,56.13,10.0,66.01,11.0,60m
3275,sz002240,2025-11-25,high_trap,15~20%,0.828,bull_aligned,20.903,6.0,transition,simulated,20.903,31.0003,10.0,34.1004,27.9003,31.97,11.0,kdj_exit,0.031279,20.903,6.2133,16.0,2.0,0.98,2.0,0.03,,,,,28.54,14.0,36.97,19.0,30.16,10.0,33.5,10.0,60m
3225,sz000017,2025-11-21,high_trap,>20%,0.9866,bull_aligned,6.1187,6.0,transition,simulated,6.1187,7.7757,6.0,8.5532,6.9981,7.99,9.0,rsi_exit,0.027565,6.1187,0.8698,21.0,1.539,0.95,2.0,0.03,,,,,7.28,3.0,9.21,0.0,7.54,8.0,8.06,6.0,60m
3647,sh605598,2025-12-25,high_trap,10~15%,0.8704,bull_aligned,35.2204,6.0,transition,simulated,35.2204,67.2751,8.0,74.0026,60.5476,74.0026,9.0,tp,0.1,35.2204,13.5358,14.0,2.0,0.95,2.0,0.03,,,,,55.9481,16.0,77.2493,9.0,66.2094,8.0,77.2493,9.0,60m
3366,sh600734,2025-12-03,high_trap,>20%,0.8,bull_aligned,3.4693,6.0,transition,simulated,3.4693,5.6327,1.0,6.1959,5.0694,6.1959,2.0,tp,0.099994,3.4693,0.6682,19.0,1.669,0.95,2.0,0.03,,,,,4.54,20.0,7.25,3.0,5.42,1.0,6.7,2.0,60m
3305,sh688048,2025-11-27,high_trap,5~10%,0.8612,bull_aligned,59.7465,6.0,transition,simulated,59.7465,108.6043,5.0,124.895,97.7439,124.895,5.0,tp,0.15,59.7465,19.982,21.0,2.0,0.95,2.0,0.03,,,,,103.51,4.0,162.0,19.0,107.35,5.0,128.82,5.0,60m
3307,sz301043,2025-11-27,main_wave,10~15%,0.533,neutral,35.4822,5.0,transition,simulated,35.4822,56.194,7.0,62.9373,50.5746,59.6677,8.0,rsi_exit,0.061815,35.4822,8.744,21.0,2.0,0.95,2.0,0.03,,,,,46.311,1.0,68.3634,21.0,54.5695,7.0,62.6789,8.0,60m
3318,sh688275,2025-11-28,main_wave,>20%,0.5545,neutral,59.3463,5.0,transition,simulated,59.3463,81.1257,7.0,93.2945,73.0131,73.0131,11.0,sl,-0.1,59.3463,24.1172,16.0,2.0,0.95,2.0,0.03,,,,,70.31,14.0,91.56,0.0,71.01,11.0,84.44,7.0,60m
3403,sz300421,2025-12-05,high_zone,5~10%,0.7717,bull_aligned,16.2722,6.0,transition,simulated,16.2722,27.5216,11.0,30.8242,24.7694,30.8242,13.0,tp,0.12,16.2722,5.0098,19.0,2.0,0.95,1.5,0.03,,,,,25.8515,12.0,38.7424,16.0,25.8515,12.0,32.5353,13.0,60m
3460,sz300421,2025-12-10,high_trap,15~20%,0.969,bull_aligned,16.3263,6.0,transition,simulated,16.3263,27.5216,8.0,30.8242,24.7694,30.8242,10.0,tp,0.12,16.3263,5.519,19.0,2.0,0.95,2.0,0.03,,,,,25.8515,9.0,38.7424,13.0,25.8515,9.0,32.5353,10.0,60m
3383,sz000510,2025-12-04,high_zone,10~15%,0.7897,bull_aligned,5.5116,6.0,transition,simulated,5.5116,9.5613,6.0,10.5175,8.6052,9.62,9.0,rsi_exit,0.006136,5.5116,1.4033,15.0,1.844,0.95,1.5,0.03,,,,,8.84,3.0,14.16,21.0,9.27,8.0,10.31,7.0,60m
3393,bj920116,2025-12-04,high_zone,5~10%,0.7352,bull_aligned,43.3886,5.0,transition,simulated,43.3886,57.8913,4.0,68.3118,52.1022,63.6167,5.0,rsi_exit,0.098898,43.3886,7.6622,20.0,1.632,0.95,1.5,0.03,,,,,54.3289,3.0,69.6231,19.0,56.155,4.0,68.4818,4.0,60m
3464,bj920116,2025-12-11,main_wave,10~15%,0.5453,bull_aligned,42.5852,6.0,transition,simulated,42.5852,60.5072,10.0,71.3985,54.4565,60.9559,11.0,rsi_exit,0.007416,42.5852,10.7185,17.0,1.768,0.95,2.0,0.03,,,,,55.6414,8.0,111.9106,21.0,59.8359,10.0,64.8223,10.0,60m
3562,bj920116,2025-12-18,main_wave,10~15%,0.6975,bull_aligned,42.1041,6.0,transition,simulated,42.1041,60.3438,5.0,71.2057,54.3095,60.9559,6.0,rsi_exit,0.010143,42.1041,13.8731,17.0,1.94,0.95,2.0,0.03,,,,,55.6414,3.0,111.9106,16.0,59.8359,5.0,64.8223,5.0,60m
3436,sz002702,2025-12-09,high_trap,>20%,0.8552,bull_aligned,4.5046,6.0,transition,simulated,4.5046,8.396,8.0,9.2356,7.5564,9.2356,9.0,tp,0.1,4.5046,1.4696,17.0,2.0,0.98,2.0,0.03,,,,,6.92,19.0,10.69,0.0,8.15,8.0,9.35,9.0,60m
3934,sh600343,2026-01-22,main_wave,3~5%,0.5386,neutral,30.2331,5.0,transition,simulated,30.2331,34.5443,4.0,37.9988,31.0899,37.9988,5.0,tp,0.100001,30.2331,13.0686,15.0,2.0,0.95,2.0,0.03,,,,,31.5,2.0,39.39,6.0,34.16,4.0,38.0,5.0,60m
3959,bj920414,2026-01-26,high_trap,10~15%,0.8946,bull_aligned,10.512,4.0,transition,simulated,10.512,16.7993,6.0,19.8232,15.1194,19.8232,6.0,tp,0.179999,10.512,2.193,22.0,1.784,0.95,2.0,0.03,,,,,14.28,20.0,21.7,6.0,16.5,6.0,21.7,6.0,60m
4081,bj920414,2026-02-04,main_wave,>20%,0.4013,bull_aligned,10.1268,6.0,transition,simulated,10.1268,16.8293,1.0,19.8586,15.1464,19.8586,2.0,tp,0.179999,10.1268,3.871,19.0,2.0,0.95,2.0,0.03,,,,,13.58,21.0,19.99,2.0,16.41,1.0,19.99,2.0,60m
3506,sz300423,2025-12-15,high_trap,10~15%,0.9066,bull_aligned,6.5236,6.0,transition,simulated,6.5236,8.9833,7.0,10.0613,8.085,9.22,15.0,kdj_exit,0.026345,6.5236,1.5268,21.0,1.97,0.95,2.0,0.03,,,,,8.23,11.0,10.16,0.0,8.23,11.0,9.29,15.0,60m
4199,sz001270,2026-02-13,main_wave,>20%,0.6833,neutral,111.9763,6.0,transition,simulated,111.9763,121.6333,11.0,133.7966,109.47,117.6359,12.0,ma_support_break,-0.032865,111.9763,25.9516,13.0,1.779,0.98,2.0,0.03,,,,,97.4041,20.0,143.7095,3.0,117.0567,12.0,126.2638,11.0,60m
4240,sz001270,2026-02-25,main_wave,>20%,0.6808,neutral,107.6686,5.0,transition,simulated,107.6686,121.6333,9.0,133.7966,109.47,109.47,12.0,sl,-0.1,107.6686,28.9635,14.0,1.81,0.95,2.0,0.03,,,,,97.4041,18.0,143.7095,1.0,106.1619,12.0,126.2638,9.0,60m
4067,sh688523,2026-02-03,main_wave,10~15%,0.5242,neutral,41.2068,5.0,transition,simulated,41.2068,58.8293,10.0,67.6537,52.9464,61.33,11.0,kdj_exit,0.042507,41.2068,22.6504,17.0,2.0,0.95,2.0,0.03,,,,,56.71,9.0,76.88,16.0,58.37,10.0,63.39,11.0,60m
3692,sz300699,2025-12-29,high_zone,5~10%,0.7971,bull_aligned,27.2256,6.0,transition,simulated,27.2256,38.2783,5.0,42.8717,34.4505,42.8717,6.0,tp,0.119999,27.2256,3.2521,15.0,1.199,0.95,1.5,0.03,,,,,37.01,3.0,47.2,7.0,37.4,5.0,44.5,6.0,60m
4141,sh688258,2026-02-09,main_wave,>20%,0.5668,neutral,86.3912,6.0,transition,simulated,86.3912,136.9443,1.0,157.486,123.2499,137.35,2.0,kdj_exit,0.002962,86.3912,42.9413,17.0,2.0,0.95,2.0,0.03,,,,,112.0,21.0,144.99,2.0,133.3,2.0,144.99,2.0,60m
3991,sz001331,2026-01-27,high_trap,10~15%,0.8894,bull_aligned,34.466,6.0,transition,simulated,34.466,55.097,5.0,60.6067,49.5873,60.6067,6.0,tp,0.1,34.466,10.4301,15.0,1.785,0.95,2.0,0.03,,,,,49.99,12.0,63.0,6.0,55.01,5.0,63.0,6.0,60m
4073,sz300342,2026-02-03,high_zone,>20%,0.7212,neutral,31.67,6.0,transition,simulated,31.67,45.7699,11.0,51.2623,41.1929,47.1138,12.0,kdj_exit,0.029361,31.67,15.866,15.0,2.0,0.98,1.5,0.03,,,,,40.2162,21.0,56.3806,0.0,45.0845,12.0,49.333,12.0,60m
4281,sz002865,2026-02-27,main_wave,>20%,0.6224,neutral,71.3885,5.0,transition,simulated,71.3885,86.2013,4.0,94.8215,77.5812,94.8215,4.0,tp,0.1,71.3885,25.4446,14.0,2.0,0.95,2.0,0.03,,,,,68.48,20.0,95.72,4.0,85.91,4.0,95.72,4.0,60m
4191,sz300842,2026-02-12,high_trap,>20%,0.8493,bull_aligned,68.4714,6.0,transition,simulated,68.4714,116.014,5.0,129.9357,104.4126,105.95,6.0,form_break,-0.086748,68.4714,29.1387,16.0,2.0,0.95,2.0,0.03,,,,,83.88,21.0,128.2,5.0,104.49,6.0,128.2,5.0,60m
4397,bj920368,2026-03-10,main_wave,>20%,0.3823,neutral,36.4468,5.0,transition,simulated,36.4468,40.2703,8.0,47.519,36.2433,35.82,12.0,sl,-0.110511,36.4468,20.9041,18.0,2.0,0.95,2.0,0.03,,,,,33.0,13.0,45.5,0.0,34.88,12.0,43.77,8.0,60m
4400,sz002506,2026-03-10,high_trap,>20%,0.9461,bull_aligned,3.189,6.0,transition,simulated,3.189,5.4197,8.0,5.9616,4.8777,5.9616,9.0,tp,0.099994,3.189,1.2928,15.0,2.0,0.95,2.0,0.03,,,,,4.2,17.0,6.36,0.0,5.2,8.0,5.98,9.0,60m
4167,sz002723,2026-02-11,high_zone,>20%,0.7022,bull_aligned,7.5216,5.0,transition,simulated,7.5216,9.366,10.0,10.3026,8.4294,10.12,12.0,kdj_exit,0.080504,7.5216,1.4253,21.0,1.852,0.95,1.5,0.03,,,,,8.56,21.0,11.04,0.0,9.22,10.0,10.29,12.0,60m
4398,sh688158,2026-03-10,main_wave,>20%,0.6603,bull_aligned,28.4379,6.0,transition,simulated,28.4379,45.5867,6.0,52.4247,41.028,41.028,9.0,sl,-0.1,28.4379,9.8324,15.0,2.0,0.95,2.0,0.03,,,,,39.21,13.0,53.3,1.0,40.92,9.0,49.68,6.0,60m
