n,double_smooth,k,offset_coef,valid_signals,coverage,mean_dist,median_dist,mean_penetration,penetration_rate,score
10,False,1.5,0.95,4404,0.891,0.2367,0.2246,0.1036,0.109,0.6538
15,False,1.0,0.95,4404,0.8651,0.196,0.1862,0.1132,0.1349,0.6511
15,False,1.5,0.95,4404,0.9051,0.2642,0.2506,0.1113,0.0949,0.651
10,False,1.5,0.98,4404,0.861,0.1988,0.1871,0.1061,0.139,0.6497
15,False,1.5,0.98,4404,0.8794,0.2255,0.2123,0.1123,0.1206,0.6496
20,False,1.0,0.95,4404,0.8797,0.2227,0.2109,0.1192,0.1203,0.6492
10,False,1.0,0.95,4404,0.8374,0.1637,0.1586,0.1059,0.1626,0.6484
15,False,1.5,1.0,4404,0.8619,0.201,0.188,0.1148,0.1381,0.6477
20,False,1.5,0.98,4404,0.8928,0.2484,0.2309,0.1217,0.1072,0.6475
20,False,1.5,1.0,4404,0.8749,0.2235,0.2063,0.1207,0.1251,0.6463
25,False,1.0,0.95,4404,0.8903,0.2455,0.2309,0.1263,0.1097,0.6463
20,False,1.5,0.95,4404,0.9126,0.2879,0.2698,0.1188,0.0874,0.6462
20,False,1.0,0.98,4404,0.8481,0.1852,0.1738,0.1186,0.1519,0.6448
10,True,1.0,0.95,4404,0.881,0.2387,0.2238,0.1244,0.119,0.644
25,False,1.5,1.0,4404,0.8849,0.2432,0.2247,0.1282,0.1151,0.6439
20,False,1.5,1.02,4404,0.8556,0.1995,0.1827,0.1209,0.1444,0.6438
25,False,1.5,0.98,4404,0.9003,0.2685,0.2496,0.129,0.0997,0.6438
25,False,1.0,0.98,4404,0.8613,0.2074,0.1932,0.124,0.1387,0.6436
10,False,1.5,1.0,4404,0.8331,0.1748,0.1634,0.1049,0.1669,0.6431
10,True,1.5,0.98,4404,0.8919,0.2604,0.243,0.1255,0.1081,0.6427
30,False,1.0,0.95,4404,0.8976,0.2656,0.247,0.1331,0.1024,0.6425
25,False,0.5,0.95,4404,0.8465,0.189,0.1763,0.1216,0.1535,0.6422
20,False,0.5,0.95,4404,0.8295,0.1647,0.1553,0.1168,0.1705,0.642
10,True,1.5,1.0,4404,0.8747,0.2352,0.2181,0.1247,0.1253,0.6418
15,False,1.0,0.98,4404,0.8233,0.1594,0.1499,0.1105,0.1767,0.6418
25,False,1.5,1.02,4404,0.8642,0.2188,0.2006,0.1245,0.1358,0.6416
30,False,1.0,0.98,4404,0.8708,0.2269,0.2088,0.1296,0.1292,0.6414
25,False,1.5,0.95,4404,0.9196,0.3086,0.2891,0.1298,0.0804,0.6413
15,False,1.5,1.02,4404,0.8333,0.1775,0.1647,0.1112,0.1667,0.6412
10,True,1.5,0.95,4404,0.9117,0.3002,0.2822,0.1238,0.0883,0.641
30,False,0.5,0.95,4404,0.8574,0.2102,0.1951,0.1255,0.1426,0.6405
30,False,1.5,1.0,4404,0.8906,0.2608,0.241,0.1336,0.1094,0.6403
30,False,1.5,1.02,4404,0.8747,0.2361,0.2167,0.1328,0.1253,0.6399
25,False,1.0,1.0,4404,0.8386,0.1832,0.1694,0.1229,0.1614,0.6397
10,True,1.0,0.98,4404,0.8485,0.2008,0.1863,0.122,0.1515,0.6396
30,False,1.5,0.98,4404,0.9055,0.2866,0.2664,0.136,0.0945,0.6396
30,False,1.0,1.0,4404,0.8504,0.2023,0.1846,0.1283,0.1496,0.6388
10,True,1.5,1.02,4404,0.8531,0.2109,0.1942,0.1226,0.1469,0.6387
20,False,1.0,1.0,4404,0.8188,0.1615,0.1503,0.1157,0.1812,0.6378
10,True,0.5,0.95,4404,0.8338,0.1837,0.1721,0.1216,0.1662,0.6375
15,False,0.5,0.95,4404,0.8006,0.1359,0.1303,0.1112,0.1994,0.6373
30,False,1.5,0.95,4404,0.9223,0.3272,0.3063,0.136,0.0777,0.6358
30,False,1.0,1.02,4404,0.8286,0.1787,0.1614,0.1282,0.1714,0.635
10,False,1.5,1.02,4404,0.8015,0.1518,0.1406,0.1045,0.1985,0.6343
15,True,1.0,0.98,4404,0.874,0.2528,0.2295,0.1357,0.126,0.634
10,True,1.0,1.0,4404,0.822,0.1768,0.1626,0.1202,0.178,0.6339
15,True,1.0,0.95,4404,0.8987,0.2924,0.2683,0.1389,0.1013,0.6339
15,True,1.5,1.0,4404,0.8937,0.2819,0.2549,0.1427,0.1063,0.6338
30,False,0.5,0.98,4404,0.8211,0.1732,0.1585,0.1242,0.1789,0.6337
15,True,0.5,0.95,4404,0.8653,0.2407,0.2184,0.134,0.1347,0.6337
25,False,1.0,1.02,4404,0.812,0.16,0.1464,0.1217,0.188,0.6336
10,False,1.0,0.98,4404,0.7854,0.1281,0.1231,0.1043,0.2146,0.6334
25,False,0.5,0.98,4404,0.8068,0.1526,0.1403,0.121,0.1932,0.6334
15,True,1.5,1.02,4404,0.8751,0.2568,0.2303,0.1372,0.1249,0.6331
15,False,1.0,1.0,4404,0.7904,0.1362,0.1269,0.1095,0.2096,0.6324
15,True,1.5,0.98,4404,0.9024,0.3081,0.2805,0.137,0.0976,0.6314
15,True,1.0,1.0,4404,0.8522,0.2278,0.2049,0.1318,0.1478,0.6314
20,False,1.0,1.02,4404,0.7897,0.1388,0.1278,0.116,0.2103,0.63
20,False,0.5,0.98,4404,0.7797,0.1291,0.1199,0.1148,0.2203,0.6282
10,True,1.0,1.02,4404,0.7965,0.1537,0.1398,0.1216,0.2035,0.6279
15,True,1.0,1.02,4404,0.8299,0.2037,0.1813,0.1306,0.1701,0.6277
15,True,0.5,0.98,4404,0.8288,0.2027,0.1811,0.1294,0.1712,0.6277
15,True,1.5,0.95,4404,0.9203,0.3494,0.321,0.1385,0.0797,0.6276
30,False,0.5,1.0,4404,0.7931,0.1497,0.1354,0.1237,0.2069,0.6269
10,True,0.5,0.98,4404,0.7877,0.1475,0.1362,0.1196,0.2123,0.6257
20,True,1.0,0.98,4404,0.8871,0.2944,0.2595,0.1483,0.1129,0.6256
20,True,0.5,0.95,4404,0.8801,0.2853,0.2526,0.1446,0.1199,0.6255
10,False,0.5,0.95,4404,0.7539,0.1003,0.097,0.1067,0.2461,0.6255
20,True,1.0,1.0,4404,0.8694,0.2685,0.2344,0.1443,0.1306,0.6253
20,True,1.5,1.02,4404,0.8865,0.2946,0.2564,0.1497,0.1135,0.6249
20,True,0.5,0.98,4404,0.851,0.246,0.2142,0.1403,0.149,0.6237
20,True,1.0,1.02,4404,0.8497,0.2437,0.2101,0.1412,0.1503,0.6235
20,True,1.5,1.0,4404,0.8978,0.3205,0.2815,0.1486,0.1022,0.623
25,False,0.5,1.0,4404,0.7707,0.1296,0.1175,0.1184,0.2293,0.6228
20,True,1.0,0.95,4404,0.9049,0.3353,0.2993,0.147,0.0951,0.6224
15,True,0.5,1.0,4404,0.8022,0.1786,0.1574,0.1284,0.1978,0.6218
20,True,0.5,1.0,4404,0.8304,0.2211,0.19,0.1395,0.1696,0.621
10,False,1.0,1.0,4404,0.7475,0.1055,0.1006,0.1053,0.2525,0.621
20,True,1.5,0.98,4404,0.9105,0.3474,0.3076,0.1515,0.0895,0.6207
15,False,1.0,1.02,4404,0.7523,0.1139,0.1048,0.1088,0.2477,0.6202
25,True,1.0,1.02,4404,0.8653,0.2773,0.2348,0.1542,0.1347,0.6186
25,True,1.0,1.0,4404,0.8812,0.3029,0.2595,0.1568,0.1188,0.6184
15,False,0.5,0.98,4404,0.7411,0.1011,0.0957,0.1099,0.2589,0.6182
25,True,0.5,0.98,4404,0.8653,0.2819,0.2407,0.1504,0.1347,0.618
25,True,0.5,0.95,4404,0.8933,0.3224,0.2799,0.1601,0.1067,0.6179
25,True,0.5,1.0,4404,0.8485,0.2563,0.2159,0.1498,0.1515,0.6174
25,True,1.0,0.98,4404,0.8965,0.3295,0.2852,0.1615,0.1035,0.6171
20,False,0.5,1.0,4404,0.743,0.1065,0.0975,0.1149,0.257,0.6166
25,True,1.5,1.02,4404,0.8921,0.3271,0.2809,0.1588,0.1079,0.6162
20,True,0.5,1.02,4404,0.8034,0.1971,0.1666,0.1361,0.1966,0.6153
20,True,1.5,0.95,4404,0.9273,0.39,0.3489,0.1574,0.0727,0.6152
30,False,0.5,1.02,4404,0.7539,0.1272,0.1131,0.12,0.2461,0.6148
10,True,0.5,1.0,4404,0.7514,0.1245,0.1135,0.1186,0.2486,0.6146
25,True,1.5,1.0,4404,0.9064,0.3536,0.3065,0.1653,0.0936,0.6141
15,True,0.5,1.02,4404,0.7723,0.1555,0.1347,0.1276,0.2277,0.6139
30,True,1.0,1.02,4404,0.8762,0.3068,0.2578,0.1674,0.1238,0.6126
25,True,0.5,1.02,4404,0.8206,0.2317,0.192,0.1422,0.1794,0.6124
25,True,1.0,0.95,4404,0.9133,0.3715,0.3258,0.1644,0.0867,0.6123
30,True,0.5,0.98,4404,0.8772,0.313,0.2634,0.1638,0.1228,0.6119
30,True,0.5,1.0,4404,0.859,0.2868,0.2381,0.1582,0.141,0.6118
25,True,1.5,0.98,4404,0.9173,0.3813,0.3331,0.1692,0.0827,0.6105
30,True,1.0,1.0,4404,0.886,0.3329,0.2829,0.1644,0.114,0.6102
30,True,0.5,1.02,4404,0.8356,0.2615,0.2139,0.1511,0.1644,0.6091
25,False,0.5,1.02,4404,0.7287,0.1074,0.0956,0.1161,0.2713,0.6089
30,True,0.5,0.95,4404,0.8971,0.3545,0.3033,0.1671,0.1029,0.6088
30,True,1.0,0.98,4404,0.8996,0.3601,0.3091,0.1687,0.1004,0.608
30,True,1.5,1.02,4404,0.8971,0.356,0.3069,0.1693,0.1029,0.6079
10,False,1.0,1.02,4404,0.7028,0.0838,0.0791,0.1059,0.2972,0.6051
30,True,1.5,1.0,4404,0.908,0.3831,0.3331,0.172,0.092,0.6047
25,True,1.5,0.95,4404,0.9287,0.4249,0.3752,0.1687,0.0713,0.6032
30,True,1.0,0.95,4404,0.9162,0.4031,0.3504,0.1743,0.0838,0.6023
10,True,0.5,1.02,4404,0.7123,0.1025,0.0917,0.1187,0.2877,0.6017
30,True,1.5,0.98,4404,0.9196,0.4113,0.3603,0.1788,0.0804,0.6007
15,False,0.5,1.0,4404,0.6921,0.0791,0.0738,0.1089,0.3079,0.6005
10,False,0.5,0.98,4404,0.6817,0.0666,0.0634,0.1071,0.3183,0.5994
20,False,0.5,1.02,4404,0.6916,0.0848,0.076,0.112,0.3084,0.598
30,True,1.5,0.95,4404,0.933,0.4559,0.4032,0.1866,0.067,0.5924
15,False,0.5,1.02,4404,0.6487,0.058,0.0527,0.112,0.3513,0.5846
10,False,0.5,1.0,4404,0.6219,0.0453,0.0421,0.1068,0.3781,0.576
10,False,0.5,1.02,4404,0.5656,0.0248,0.0217,0.1094,0.4344,0.5535
